video id,start,end,action label
1,0,40,bounce
1,40,68,step
1,68,114,bounce
1,114,125,half_squat
1,125,140,bounce
1,140,160,twist
1,160,170,bounce
1,170,220,step
1,220,245,bounce
1,245,260,step
1,260,290,cabbage_patch
1,290,328,bounce
1,328,360,hands_up
1,360,368,bounce
1,368,405,slide_step
1,405,455,step
2,0,40,bounce
2,40,68,step
2,68,114,bounce
2,114,125,half_squat
2,125,140,bounce
2,140,160,twist
2,160,170,bounce
2,170,220,step
2,220,245,bounce
2,245,260,step
2,260,290,cabbage_patch
2,290,328,bounce
2,328,360,hands_up
2,360,368,bounce
2,368,405,slide_step
2,405,455,step
3,0,40,bounce
3,40,68,step
3,68,114,bounce
3,114,125,half_squat
3,125,140,bounce
3,140,160,twist
3,160,170,bounce
3,170,220,step
3,220,245,bounce
3,245,260,step
3,260,290,cabbage_patch
3,290,328,bounce
3,328,360,hands_up
3,360,368,bounce
3,368,405,slide_step
3,405,455,step
4,0,40,bounce
4,40,68,step
4,68,114,bounce
4,114,125,half_squat
4,125,140,bounce
4,140,160,twist
4,160,170,bounce
4,170,220,step
4,220,245,bounce
4,245,257,step
4,257,270,cabbage_patch
4,270,307,bounce
4,307,338,hands_up
4,338,348,bounce
4,348,370,slide_step
5,0,40,bounce
5,40,68,step
5,68,114,bounce
5,114,125,half_squat
5,125,140,bounce
5,140,160,twist
5,160,170,bounce
5,170,213,step
5,213,235,bounce
5,235,250,step
5,250,280,cabbage_patch
5,280,320,bounce
5,320,350,hands_up
5,350,360,bounce
5,360,395,slide_step
5,395,442,step
6,0,30,twist
6,30,40,bounce
6,40,90,step
6,90,118,bounce
6,113,160,cabbage_patch
6,118,133,step
6,160,199,bounce
6,199,258,hands_up
6,258,265,bounce
6,265,297,slide_step
6,297,343,step
7,0,40,bounce
7,40,68,step
7,68,114,bounce
7,114,125,half_squat
7,125,180,twist
7,180,190,bounce
7,190,245,step
7,245,270,bounce
7,270,284,step
7,284,300,cabbage_patch
7,300,342,bounce
7,342,372,hands_up
7,372,380,bounce
7,380,420,slide_step
7,420,466,step
8,0,40,bounce
8,40,68,step
8,68,114,bounce
8,114,125,half_squat
8,125,160,twist
8,160,170,bounce
8,170,220,step
8,220,245,bounce
8,245,260,step
8,260,290,cabbage_patch
8,290,328,bounce
8,328,360,hands_up
8,360,368,bounce
8,368,405,slide_step
8,405,455,step
9,0,38,bounce
9,38,70,hands_up
9,70,75,bounce
9,75,115,slide_step
9,115,194,step
10,0,25,bounce
10,25,35,step
10,35,56,bounce
10,56,62,half_squat
10,62,70,bounce
10,70,80,twist
10,80,85,bounce
10,85,110,step
10,110,123,bounce
10,123,130,step
10,130,145,cabbage_patch
10,145,165,bounce
10,165,180,hands_up
10,180,185,bounce
10,185,200,slide_step
10,200,227,bounce
11,0,100,bounce
11,100,135,step
11,135,225,bounce
11,225,250,half_squat
11,250,280,bounce
11,280,320,twist
11,320,340,bounce
11,340,445,step
11,445,495,bounce
11,495,520,step
11,520,575,cabbage_patch
11,575,660,bounce
11,660,720,hands_up
11,720,735,bounce
11,735,810,slide_step
11,810,914,step
12,0,25,bounce
12,25,35,step
12,35,55,bounce
12,55,62,half_squat
12,62,70,bounce
12,70,80,twist
12,80,85,bounce
12,85,110,step
12,110,125,bounce
12,125,130,step
12,130,145,cabbage_patch
12,145,165,bounce
12,165,180,hands_up
12,180,185,bounce
12,185,200,slide_step
12,200,227,step
13,0,100,bounce
13,100,135,step
13,135,225,bounce
13,225,250,half_squat
13,250,280,bounce
13,280,320,twist
13,320,340,bounce
13,340,445,step
13,445,495,bounce
13,495,520,step
13,520,575,cabbage_patch
13,575,660,bounce
13,660,720,hands_up
13,720,735,bounce
13,735,810,slide_step
13,810,914,step
14,0,25,bounce
14,25,35,step
14,35,55,bounce
14,55,62,half_squat
14,62,70,bounce
14,70,80,twist
14,80,85,bounce
14,85,110,step
14,110,125,bounce
14,125,130,step
14,130,145,cabbage_patch
14,145,165,bounce
14,165,180,hands_up
14,180,185,bounce
14,185,200,slide_step
14,200,227,step
15,0,100,bounce
15,100,135,step
15,135,225,bounce
15,225,250,half_squat
15,250,280,bounce
15,280,320,twist
15,320,340,bounce
15,340,445,step
15,445,495,bounce
15,495,520,step
15,520,575,cabbage_patch
15,575,660,bounce
15,660,720,hands_up
15,720,735,bounce
15,735,810,slide_step
15,810,914,step
16,0,25,bounce
16,25,35,step
16,35,45,bounce
16,45,57,bounce
16,57,62,half_squat
16,62,70,bounce
16,70,80,twist
16,80,85,bounce
16,85,110,step
16,110,125,bounce
16,125,133,cabbage_patch
16,133,150,bounce
16,150,170,hands_up
16,170,175,bounce
16,175,185,slide_step
17,0,100,bounce
17,100,140,step
17,140,180,bounce
17,180,228,bounce
17,228,248,half_squat
17,248,280,bounce
17,280,320,twist
17,320,340,bounce
17,340,440,step
17,440,500,bounce
17,500,532,cabbage_patch
17,532,600,bounce
17,600,680,hands_up
17,680,698,bounce
17,698,740,slide_step
18,0,25,bounce
18,25,35,step
18,35,56,bounce
18,56,62,half_squat
18,62,70,bounce
18,70,80,twist
18,80,85,bounce
18,85,107,step
18,107,117,bounce
18,117,125,step
18,125,140,cabbage_patch
18,140,160,bounce
18,160,175,hands_up
18,175,180,bounce
18,180,200,slide_step
18,200,224,step
19,0,100,bounce
19,100,140,step
19,140,324,bounce
19,248,280,bounce
19,280,320,twist
19,320,340,bounce
19,324,248,half_squat
19,340,428,step
19,428,468,bounce
19,468,500,step
19,500,560,cabbage_patch
19,560,640,bounce
19,640,700,hands_up
19,700,720,bounce
19,720,800,slide_step
19,800,896,step
20,0,52,bounce
20,52,68,step
20,68,114,bounce
20,114,125,half_squat
20,125,133,bounce
20,133,210,twist
20,210,220,bounce
20,220,263,step
20,263,283,bounce
20,283,300,step
20,300,328,cabbage_patch
20,328,368,bounce
20,368,417,hands_up
21,0,10,half_squat
21,10,25,bounce
21,25,45,twist
21,45,55,bounce
21,55,118,step
21,118,132,bounce
21,132,140,step
21,140,170,cabbage_patch
21,170,205,bounce
21,205,240,hands_up
21,240,252,bounce
21,252,273,slide_step
22,0,52,bounce
22,52,68,step
22,68,115,bounce
22,115,175,half_squat
22,175,192,bounce
22,192,210,twist
22,210,220,bounce
22,220,270,step
22,270,295,bounce
23,0,33,step
23,33,60,bounce
23,60,75,step
23,75,130,cabbage_patch
23,130,145,step
23,145,170,bounce
23,170,240,step
23,240,266,bounce
24,0,28,bounce
24,28,60,hands_up
24,60,70,bounce
24,70,102,slide_step
24,102,175,step
24,175,242,slide_step
25,0,95,twist
25,95,105,bounce
25,105,160,step
25,160,182,bounce
25,182,192,step
25,192,239,cabbage_patch
26,0,75,slide_step
26,75,168,step
26,168,180,slide_step
27,0,68,bounce
27,68,114,step
27,114,129,half_squat
27,129,148,bounce
27,148,164,twist
27,164,184,bounce
27,184,204,step
28,0,32,step
29,0,14,slide_step
30,0,40,slide_step
31,0,43,bounce
32,0,23,twist
33,0,10,step
33,0,18,bounce
33,18,42,hands_up
33,42,49,bounce
33,49,83,slide_step
33,83,133,step
34,0,34,step
34,34,65,bounce
34,65,80,step
34,80,108,cabbage_patch
34,108,150,bounce
34,150,178,hands_up
34,178,188,bounce
34,188,205,slide_step
34,205,255,step
35,0,48,bounce
35,48,62,step
35,62,108,bounce
35,108,130,half_squat
35,130,150,bounce
35,150,165,twist
35,165,175,bounce
36,0,60,bounce
36,60,80,step
36,80,172,bounce
36,172,182,half_squat
36,182,200,bounce
36,200,218,twist
36,218,228,bounce
36,228,281,step
36,281,305,bounce
36,305,325,cabbage_patch
36,325,335,bounce
37,0,55,bounce
37,55,115,hands_up
37,115,135,bounce
37,135,170,slide_step
37,170,194,step
38,0,30,twist
38,30,40,bounce
38,40,90,step
38,90,118,bounce
38,118,133,step
38,134,192,cabbage_patch
38,193,204,half_squat
38,205,244,bounce
38,244,303,hands_up
38,304,352,step
38,353,360,bounce
38,360,392,slide_step
38,392,489,step
39,0,30,twist
39,31,59,step
39,60,70,bounce
39,70,120,step
39,120,148,bounce
39,148,214,step
39,215,242,cabbage_patch
39,242,281,bounce
39,281,340,hands_up
39,341,361,twist
39,362,369,bounce
39,369,401,slide_step
39,401,447,step
39,448,494,bounce
40,0,30,twist
40,31,57,bounce
40,57,107,step
40,107,135,bounce
40,135,150,step
40,150,177,cabbage_patch
40,177,216,bounce
40,217,247,cabbage_patch
40,248,307,hands_up
40,307,314,bounce
40,314,346,slide_step
40,347,358,half_squat
40,359,405,step
41,0,30,twist
41,30,40,bounce
41,40,90,step
41,90,118,bounce
41,118,133,step
41,134,144,bounce
41,145,172,cabbage_patch
41,172,211,bounce
41,211,270,hands_up
41,271,291,slide_step
41,292,299,bounce
41,299,331,slide_step
41,331,390,step
42,0,30,twist
42,31,77,step
42,78,88,bounce
42,88,138,step
42,138,166,bounce
42,166,210,step
42,211,238,cabbage_patch
42,238,277,bounce
42,278,308,cabbage_patch
42,309,368,hands_up
42,368,375,bounce
42,376,419,step
42,420,452,slide_step
42,452,498,step
43,0,30,twist
43,31,77,step
43,78,88,bounce
43,88,138,step
43,138,166,bounce
43,167,183,cabbage_patch
43,184,199,step
43,199,226,cabbage_patch
43,226,265,bounce
43,265,324,hands_up
43,324,331,bounce
43,331,363,slide_step
43,364,419,twist
43,420,466,step
44,0,30,twist
44,30,40,bounce
44,40,90,step
44,90,118,bounce
44,119,151,hands_up
44,152,167,step
44,167,194,cabbage_patch
44,194,233,bounce
44,233,292,hands_up
44,293,328,twist
44,329,336,bounce
44,336,368,slide_step
44,368,414,step
44,415,452,slide_step
45,0,30,twist
45,31,47,bounce
45,48,88,slide_step
45,89,139,step
45,139,167,bounce
45,168,200,hands_up
45,201,216,step
45,216,243,cabbage_patch
45,244,322,step
45,323,362,bounce
45,362,421,hands_up
45,421,428,bounce
45,428,460,slide_step
45,460,506,step
46,0,30,twist
46,30,40,bounce
46,40,90,step
46,90,118,bounce
46,118,133,step
46,133,160,cabbage_patch
46,161,171,twist
46,172,211,bounce
46,212,227,cabbage_patch
46,228,287,hands_up
46,287,294,bounce
46,294,326,slide_step
46,327,384,step
47,0,30,twist
47,30,40,bounce
47,40,90,step
47,91,170,bounce
47,170,185,step
47,185,212,cabbage_patch
47,213,273,bounce
47,273,332,hands_up
47,333,358,half_squat
47,359,366,bounce
47,366,398,slide_step
47,399,484,bounce
47,485,531,step
48,0,30,twist
48,30,40,bounce
48,40,90,step
48,91,135,bounce
48,135,150,step
48,151,194,cabbage_patch
48,194,233,bounce
48,233,292,hands_up
48,292,299,bounce
48,299,331,slide_step
48,332,384,step
48,385,390,bounce
49,0,30,twist
49,30,40,bounce
49,41,127,step
49,128,257,bounce
49,257,272,step
49,273,293,bounce
49,294,321,cabbage_patch
49,321,360,bounce
49,360,419,hands_up
49,419,426,bounce
49,426,458,slide_step
49,458,504,step
49,505,530,half_squat
50,0,30,twist
50,30,40,bounce
50,40,90,step
50,90,118,bounce
50,119,129,twist
50,130,145,step
50,145,172,cabbage_patch
50,172,211,bounce
50,212,227,cabbage_patch
50,228,287,hands_up
50,288,295,half_squat
50,296,303,bounce
50,303,335,slide_step
50,336,341,bounce
50,342,388,step
51,0,30,twist
51,30,40,bounce
51,40,90,step
51,90,118,bounce
51,118,133,step
51,134,234,bounce
51,235,262,cabbage_patch
51,263,338,slide_step
51,339,378,bounce
51,378,437,hands_up
51,437,444,bounce
51,444,476,slide_step
51,476,628,step
52,0,30,twist
52,30,40,bounce
52,40,90,step
52,90,118,bounce
52,118,133,step
52,133,160,cabbage_patch
52,160,199,bounce
52,199,258,hands_up
52,259,282,bounce
52,282,314,slide_step
52,315,372,step
52,373,383,bounce
53,0,30,twist
53,30,40,bounce
53,40,90,step
53,90,118,bounce
53,118,133,step
53,133,160,cabbage_patch
53,161,201,twist
53,202,241,bounce
53,241,300,hands_up
53,300,307,bounce
53,307,339,slide_step
53,340,360,bounce
53,361,407,step
54,0,30,twist
54,30,40,bounce
54,40,101,step
54,102,130,bounce
54,130,145,step
54,146,156,twist
54,157,184,cabbage_patch
54,184,223,bounce
54,223,282,hands_up
54,283,298,cabbage_patch
54,299,306,bounce
54,306,338,slide_step
54,338,384,step
55,0,30,twist
55,31,58,bounce
55,58,108,step
55,108,136,bounce
55,136,151,step
55,151,178,cabbage_patch
55,178,217,bounce
55,217,276,hands_up
55,277,385,half_squat
55,386,393,bounce
55,393,425,slide_step
55,426,486,hands_up
55,487,533,step
56,0,30,twist
56,31,52,bounce
56,52,146,step
56,147,175,bounce
56,175,190,step
56,190,217,cabbage_patch
56,217,256,bounce
56,257,285,cabbage_patch
56,286,345,hands_up
56,345,352,bounce
56,352,384,slide_step
56,384,448,step
57,0,30,twist
57,30,40,bounce
57,40,90,step
57,90,118,bounce
57,118,133,step
57,133,160,cabbage_patch
57,161,181,twist
57,182,221,bounce
57,221,280,hands_up
57,281,324,bounce
57,325,360,hands_up
57,361,393,slide_step
57,393,448,step
58,0,30,twist
58,30,40,bounce
58,40,107,step
58,108,136,bounce
58,136,151,step
58,151,178,cabbage_patch
58,178,217,bounce
58,217,276,hands_up
58,277,295,bounce
58,295,327,slide_step
58,327,373,step
59,0,30,twist
59,30,40,bounce
59,41,125,step
59,125,153,bounce
59,154,209,cabbage_patch
59,210,225,step
59,225,252,cabbage_patch
59,252,291,bounce
59,292,307,step
59,308,367,hands_up
59,367,374,bounce
59,374,406,slide_step
59,406,523,step
60,0,30,twist
60,30,40,bounce
60,40,90,step
60,90,118,bounce
60,118,133,step
60,134,144,bounce
60,145,172,cabbage_patch
60,172,211,bounce
60,212,244,slide_step
60,245,304,hands_up
60,304,311,bounce
60,311,343,slide_step
60,344,372,bounce
60,373,419,step
60,420,452,hands_up
61,0,30,twist
61,31,64,bounce
61,64,114,step
61,114,142,bounce
61,143,169,step
61,169,196,cabbage_patch
61,196,235,bounce
61,235,294,hands_up
61,294,301,bounce
61,301,333,slide_step
61,334,436,step
62,0,30,twist
62,30,40,bounce
62,41,53,slide_step
62,54,104,step
62,104,132,bounce
62,132,241,step
62,242,269,cabbage_patch
62,269,308,bounce
62,308,367,hands_up
62,367,374,bounce
62,374,406,slide_step
62,406,452,step
62,453,528,slide_step
63,0,30,twist
63,30,40,bounce
63,40,90,step
63,90,118,bounce
63,118,133,step
63,134,149,half_squat
63,150,177,cabbage_patch
63,178,197,step
63,198,237,bounce
63,237,296,hands_up
63,296,303,bounce
63,303,335,slide_step
63,336,352,twist
63,353,399,step
64,0,30,twist
64,30,40,bounce
64,41,123,step
64,123,151,bounce
64,151,166,step
64,166,193,cabbage_patch
64,193,232,bounce
64,232,291,hands_up
64,291,298,bounce
64,298,330,slide_step
64,330,376,step
65,0,30,twist
65,30,40,bounce
65,40,90,step
65,90,118,bounce
65,118,133,step
65,133,160,cabbage_patch
65,160,199,bounce
65,199,258,hands_up
65,258,265,bounce
65,265,297,slide_step
65,297,343,step
65,344,358,slide_step
66,0,30,twist
66,30,40,bounce
66,40,90,step
66,90,118,bounce
66,118,133,step
66,133,160,cabbage_patch
66,160,199,bounce
66,200,240,slide_step
66,241,300,hands_up
66,300,307,bounce
66,307,339,slide_step
66,339,385,step
67,0,30,twist
67,30,40,bounce
67,40,90,step
67,90,118,bounce
67,118,133,step
67,133,160,cabbage_patch
67,160,199,bounce
67,199,258,hands_up
67,258,265,bounce
67,265,297,slide_step
67,297,343,step
68,0,30,twist
68,30,40,bounce
68,40,90,step
68,90,118,bounce
68,119,142,twist
68,143,158,step
68,158,185,cabbage_patch
68,185,224,bounce
68,224,283,hands_up
68,283,290,bounce
68,290,322,slide_step
68,322,368,step
69,0,30,twist
69,30,40,bounce
69,40,90,step
69,90,118,bounce
69,119,143,hands_up
69,144,159,step
69,159,186,cabbage_patch
69,187,197,step
69,198,237,bounce
69,237,296,hands_up
69,297,313,bounce
69,313,345,slide_step
69,345,391,step
69,392,426,slide_step
70,0,30,twist
70,31,65,step
70,66,76,bounce
70,76,126,step
70,126,154,bounce
70,155,183,cabbage_patch
70,184,250,step
70,251,278,cabbage_patch
70,278,317,bounce
70,317,376,hands_up
70,377,416,bounce
70,416,448,slide_step
70,448,494,step
71,0,30,twist
71,31,52,bounce
71,52,102,step
71,103,125,half_squat
71,126,154,bounce
71,154,169,step
71,169,196,cabbage_patch
71,197,285,bounce
71,285,344,hands_up
71,344,351,bounce
71,351,383,slide_step
71,383,444,step
72,0,30,twist
72,31,102,bounce
72,102,152,step
72,152,180,bounce
72,180,195,step
72,195,222,cabbage_patch
72,222,261,bounce
72,262,315,step
72,316,375,hands_up
72,375,382,bounce
72,382,414,slide_step
72,415,425,half_squat
72,426,472,step
72,473,483,bounce
73,0,30,twist
73,30,40,bounce
73,40,90,step
73,90,118,bounce
73,118,133,step
73,134,169,slide_step
73,170,197,cabbage_patch
73,198,258,hands_up
73,259,298,bounce
73,299,323,step
73,324,383,hands_up
73,383,390,bounce
73,390,422,slide_step
73,422,468,step
73,469,489,bounce
74,0,38,bounce
74,39,87,step
74,88,120,hands_up
74,121,142,bounce
74,142,220,slide_step
74,221,299,step
74,300,308,bounce
75,0,38,bounce
75,38,70,hands_up
75,71,101,cabbage_patch
75,102,107,bounce
75,107,147,slide_step
75,148,156,bounce
75,157,235,step
75,236,246,bounce
76,0,38,bounce
76,38,70,hands_up
76,71,85,bounce
76,86,114,step
76,115,155,slide_step
76,156,166,bounce
76,167,245,step
76,246,271,bounce
77,0,38,bounce
77,38,70,hands_up
77,71,102,bounce
77,103,164,slide_step
77,165,185,twist
77,186,265,step
77,266,312,bounce
78,0,38,bounce
78,39,85,step
78,86,118,hands_up
78,119,135,bounce
78,136,166,hands_up
78,167,207,slide_step
78,208,316,step
78,317,327,bounce
79,0,38,bounce
79,38,70,hands_up
79,71,86,step
79,87,92,bounce
79,92,132,slide_step
79,133,258,step
79,259,286,cabbage_patch
80,0,38,bounce
80,39,79,slide_step
80,80,112,hands_up
80,113,127,bounce
80,128,144,cabbage_patch
80,145,185,slide_step
80,186,293,step
80,294,304,bounce
81,0,38,bounce
81,38,103,hands_up
81,104,109,bounce
81,110,125,step
81,126,166,slide_step
81,167,178,half_squat
81,179,257,step
81,258,268,bounce
82,0,38,bounce
82,38,70,hands_up
82,71,96,step
82,97,102,bounce
82,103,110,step
82,111,151,slide_step
82,152,157,bounce
82,158,236,step
82,237,252,hands_up
83,0,38,bounce
83,39,135,step
83,136,168,hands_up
83,169,274,step
83,275,280,bounce
83,280,320,slide_step
83,321,411,bounce
83,412,526,step
84,0,38,bounce
84,39,54,slide_step
84,55,87,hands_up
84,88,102,bounce
84,103,118,hands_up
84,119,159,slide_step
84,160,175,bounce
84,176,254,step
84,255,270,cabbage_patch
85,0,38,bounce
85,39,64,half_squat
85,65,97,hands_up
85,98,134,bounce
85,135,170,step
85,171,211,slide_step
85,212,396,step
85,397,437,twist
86,0,38,bounce
86,39,46,half_squat
86,47,79,hands_up
86,80,106,bounce
86,107,112,step
86,113,153,slide_step
86,154,179,bounce
86,180,258,step
86,259,264,bounce
87,0,38,bounce
87,38,70,hands_up
87,71,111,twist
87,112,117,bounce
87,118,223,step
87,224,264,slide_step
87,265,365,bounce
87,366,444,step
87,445,535,bounce
88,0,38,bounce
88,38,70,hands_up
88,71,87,bounce
88,87,127,slide_step
88,128,133,bounce
88,134,212,step
88,213,238,bounce
89,0,38,bounce
89,38,70,hands_up
89,71,137,bounce
89,137,177,slide_step
89,178,196,bounce
89,197,275,step
89,276,308,bounce
90,0,38,bounce
90,39,61,step
90,62,94,hands_up
90,95,105,step
90,106,111,bounce
90,111,151,slide_step
90,152,157,bounce
90,158,236,step
90,237,258,bounce
91,0,38,bounce
91,39,122,step
91,123,155,hands_up
91,156,216,cabbage_patch
91,217,222,bounce
91,222,262,slide_step
91,263,464,step
92,0,38,bounce
92,38,70,hands_up
92,71,148,twist
92,149,154,bounce
92,155,198,step
92,199,239,slide_step
92,240,336,step
92,337,348,half_squat
93,0,38,bounce
93,39,59,slide_step
93,60,92,hands_up
93,93,156,step
93,157,162,bounce
93,163,171,step
93,172,212,slide_step
93,213,243,cabbage_patch
93,244,322,step
93,323,335,bounce
94,0,38,bounce
94,38,70,hands_up
94,71,124,bounce
94,125,175,step
94,176,216,slide_step
94,217,235,twist
94,236,314,step
94,315,332,bounce
95,0,38,bounce
95,38,70,hands_up
95,71,141,step
95,142,147,bounce
95,147,187,slide_step
95,188,282,step
95,283,309,bounce
96,0,38,bounce
96,39,104,hands_up
96,105,121,bounce
96,122,229,slide_step
96,230,383,step
96,384,416,slide_step
97,0,38,bounce
97,39,134,twist
97,135,167,hands_up
97,168,196,bounce
97,197,207,step
97,208,248,slide_step
97,249,294,cabbage_patch
97,295,430,step
98,0,38,bounce
98,38,70,hands_up
98,71,83,slide_step
98,84,89,bounce
98,90,183,step
98,184,300,slide_step
98,301,379,step
99,0,38,bounce
99,38,70,hands_up
99,71,117,step
99,118,123,bounce
99,123,163,slide_step
99,164,180,twist
99,181,259,step
99,260,275,half_squat
100,0,38,bounce
100,38,70,hands_up
100,70,75,bounce
100,75,115,slide_step
100,115,226,step
101,0,38,bounce
101,39,53,slide_step
101,54,86,hands_up
101,86,91,bounce
101,91,131,slide_step
101,131,209,step
102,0,38,bounce
102,38,70,hands_up
102,71,111,slide_step
102,112,117,bounce
102,117,157,slide_step
102,157,235,step
103,0,38,bounce
103,38,70,hands_up
103,70,75,bounce
103,75,115,slide_step
103,115,193,step
104,0,38,bounce
104,38,70,hands_up
104,70,75,bounce
104,75,115,slide_step
104,115,193,step
104,194,217,twist
105,0,38,bounce
105,39,73,slide_step
105,74,131,hands_up
105,132,137,bounce
105,138,186,step
105,187,227,slide_step
105,228,318,step
105,319,327,bounce
106,0,38,bounce
106,39,56,slide_step
106,57,89,hands_up
106,90,124,step
106,125,130,bounce
106,131,146,step
106,147,187,slide_step
106,188,317,step
106,318,328,bounce
107,0,38,bounce
107,38,70,hands_up
107,71,93,half_squat
107,94,99,bounce
107,99,139,slide_step
107,140,155,twist
107,156,249,step
108,0,38,bounce
108,38,70,hands_up
108,71,91,cabbage_patch
108,92,97,bounce
108,97,137,slide_step
108,138,156,twist
108,157,235,step
108,236,328,bounce
109,0,38,bounce
109,39,74,slide_step
109,75,107,hands_up
109,108,169,bounce
109,170,194,step
109,195,235,slide_step
109,236,256,bounce
109,257,335,step
109,336,396,hands_up
110,0,52,bounce
110,52,68,step
110,68,114,bounce
110,114,125,half_squat
110,125,133,bounce
110,133,210,twist
110,210,220,bounce
110,220,263,step
110,263,283,bounce
110,283,300,step
110,301,309,bounce
110,310,338,cabbage_patch
110,338,378,bounce
110,378,426,hands_up
111,0,52,bounce
111,52,68,step
111,68,114,bounce
111,114,125,half_squat
111,125,133,bounce
111,133,210,twist
111,210,220,bounce
111,220,263,step
111,263,283,bounce
111,283,316,step
111,317,345,cabbage_patch
111,345,385,bounce
111,386,423,slide_step
111,424,472,hands_up
112,0,52,bounce
112,52,68,step
112,68,114,bounce
112,114,125,half_squat
112,126,163,slide_step
112,164,172,bounce
112,172,249,twist
112,249,259,bounce
112,259,302,step
112,303,314,half_squat
112,315,335,bounce
112,335,352,step
112,352,380,cabbage_patch
112,380,420,bounce
112,420,468,hands_up
113,0,52,bounce
113,53,82,step
113,82,128,bounce
113,128,139,half_squat
113,140,195,bounce
113,195,272,twist
113,272,282,bounce
113,282,325,step
113,325,345,bounce
113,345,362,step
113,362,390,cabbage_patch
113,390,430,bounce
113,430,478,hands_up
114,0,52,bounce
114,52,68,step
114,68,114,bounce
114,114,125,half_squat
114,126,157,bounce
114,157,234,twist
114,234,244,bounce
114,244,287,step
114,287,307,bounce
114,307,324,step
114,324,383,cabbage_patch
114,384,424,bounce
114,424,472,hands_up
115,0,52,bounce
115,52,68,step
115,68,114,bounce
115,114,125,half_squat
115,125,133,bounce
115,133,210,twist
115,211,229,bounce
115,229,272,step
115,272,292,bounce
115,292,309,step
115,309,337,cabbage_patch
115,337,377,bounce
115,377,425,hands_up
116,0,52,bounce
116,52,83,step
116,84,130,bounce
116,130,141,half_squat
116,141,149,bounce
116,149,226,twist
116,226,236,bounce
116,236,279,step
116,280,296,cabbage_patch
116,297,317,bounce
116,317,334,step
116,334,362,cabbage_patch
116,362,402,bounce
116,402,450,hands_up
117,0,52,bounce
117,52,68,step
117,69,156,bounce
117,156,167,half_squat
117,167,175,bounce
117,175,252,twist
117,252,262,bounce
117,262,305,step
117,305,325,bounce
117,325,342,step
117,342,370,cabbage_patch
117,370,410,bounce
117,410,458,hands_up
118,0,52,bounce
118,52,68,step
118,68,114,bounce
118,114,125,half_squat
118,125,133,bounce
118,133,210,twist
118,210,220,bounce
118,220,263,step
118,263,283,bounce
118,284,380,step
118,380,408,cabbage_patch
118,408,448,bounce
118,448,497,hands_up
119,0,52,bounce
119,52,68,step
119,68,114,bounce
119,114,125,half_squat
119,125,133,bounce
119,133,210,twist
119,210,220,bounce
119,220,263,step
119,263,283,bounce
119,284,299,cabbage_patch
119,300,317,step
119,317,345,cabbage_patch
119,345,385,bounce
119,385,433,hands_up
119,434,449,slide_step
120,0,52,bounce
120,52,68,step
120,68,114,bounce
120,114,125,half_squat
120,125,133,bounce
120,133,210,twist
120,210,220,bounce
120,220,263,step
120,263,283,bounce
120,283,300,step
120,300,328,cabbage_patch
120,328,368,bounce
120,368,416,hands_up
121,0,52,bounce
121,52,68,step
121,68,114,bounce
121,114,125,half_squat
121,125,133,bounce
121,133,210,twist
121,210,220,bounce
121,220,263,step
121,264,305,bounce
121,305,322,step
121,322,350,cabbage_patch
121,351,407,bounce
121,407,455,hands_up
122,0,52,bounce
122,52,68,step
122,68,114,bounce
122,114,125,half_squat
122,125,133,bounce
122,133,210,twist
122,210,220,bounce
122,221,290,step
122,290,310,bounce
122,310,327,step
122,327,355,cabbage_patch
122,355,395,bounce
122,395,443,hands_up
123,0,52,bounce
123,52,68,step
123,68,114,bounce
123,114,125,half_squat
123,126,152,step
123,153,161,bounce
123,161,238,twist
123,238,248,bounce
123,248,291,step
123,291,311,bounce
123,311,328,step
123,328,356,cabbage_patch
123,356,396,bounce
123,396,444,hands_up
124,0,52,bounce
124,52,68,step
124,69,216,bounce
124,216,227,half_squat
124,227,235,bounce
124,235,312,twist
124,312,322,bounce
124,323,472,step
124,472,492,bounce
124,492,509,step
124,509,537,cabbage_patch
124,537,577,bounce
124,577,625,hands_up
125,0,52,bounce
125,52,68,step
125,68,114,bounce
125,114,125,half_squat
125,125,133,bounce
125,133,210,twist
125,210,220,bounce
125,220,263,step
125,263,283,bounce
125,283,300,step
125,300,328,cabbage_patch
125,328,368,bounce
125,368,416,hands_up
126,0,52,bounce
126,52,68,step
126,69,184,bounce
126,184,195,half_squat
126,195,203,bounce
126,203,280,twist
126,280,290,bounce
126,290,333,step
126,333,353,bounce
126,353,370,step
126,370,398,cabbage_patch
126,398,438,bounce
126,438,486,hands_up
127,0,52,bounce
127,52,68,step
127,68,114,bounce
127,114,125,half_squat
127,125,133,bounce
127,133,210,twist
127,210,220,bounce
127,220,263,step
127,263,283,bounce
127,284,299,hands_up
127,300,317,step
127,317,345,cabbage_patch
127,346,356,step
127,357,397,bounce
127,397,445,hands_up
128,0,52,bounce
128,52,68,step
128,68,114,bounce
128,114,125,half_squat
128,125,133,bounce
128,133,210,twist
128,210,220,bounce
128,220,263,step
128,263,283,bounce
128,283,300,step
128,301,321,bounce
128,322,350,cabbage_patch
128,350,390,bounce
128,390,499,hands_up
129,0,52,bounce
129,52,68,step
129,68,114,bounce
129,114,125,half_squat
129,125,133,bounce
129,134,197,step
129,198,275,twist
129,275,285,bounce
129,285,328,step
129,328,348,bounce
129,349,375,step
129,375,403,cabbage_patch
129,403,443,bounce
129,443,491,hands_up
130,0,52,bounce
130,52,68,step
130,68,114,bounce
130,114,125,half_squat
130,125,133,bounce
130,133,210,twist
130,210,220,bounce
130,220,263,step
130,263,283,bounce
130,283,300,step
130,301,319,twist
130,320,348,cabbage_patch
130,348,388,bounce
130,388,436,hands_up
131,0,52,bounce
131,52,68,step
131,68,114,bounce
131,114,125,half_squat
131,125,133,bounce
131,134,189,cabbage_patch
131,190,267,twist
131,267,277,bounce
131,278,355,step
131,355,375,bounce
131,375,392,step
131,392,420,cabbage_patch
131,420,460,bounce
131,460,508,hands_up
132,0,52,bounce
132,52,68,step
132,69,101,slide_step
132,102,148,bounce
132,148,159,half_squat
132,159,167,bounce
132,168,234,slide_step
132,235,312,twist
132,312,322,bounce
132,322,365,step
132,365,385,bounce
132,385,402,step
132,402,430,cabbage_patch
132,430,470,bounce
132,470,519,hands_up
133,0,52,bounce
133,52,68,step
133,68,114,bounce
133,115,160,cabbage_patch
133,161,172,half_squat
133,172,180,bounce
133,180,257,twist
133,257,267,bounce
133,267,321,step
133,322,342,bounce
133,342,359,step
133,359,387,cabbage_patch
133,387,427,bounce
133,427,475,hands_up
134,0,52,bounce
134,52,68,step
134,68,114,bounce
134,114,125,half_squat
134,125,133,bounce
134,133,210,twist
134,211,304,step
134,305,315,bounce
134,315,358,step
134,359,434,slide_step
134,435,455,bounce
134,455,472,step
134,472,500,cabbage_patch
134,500,540,bounce
134,540,588,hands_up
135,0,52,bounce
135,52,68,step
135,69,85,twist
135,86,132,bounce
135,132,143,half_squat
135,143,151,bounce
135,151,228,twist
135,228,238,bounce
135,238,281,step
135,281,301,bounce
135,301,318,step
135,318,346,cabbage_patch
135,346,386,bounce
135,386,434,hands_up
136,0,52,bounce
136,52,68,step
136,68,114,bounce
136,114,125,half_squat
136,125,133,bounce
136,134,165,step
136,166,243,twist
136,243,253,bounce
136,253,296,step
136,296,316,bounce
136,316,333,step
136,333,361,cabbage_patch
136,361,401,bounce
136,401,450,hands_up
137,0,52,bounce
137,52,68,step
137,68,114,bounce
137,114,125,half_squat
137,125,133,bounce
137,133,210,twist
137,210,220,bounce
137,220,263,step
137,264,278,slide_step
137,279,299,bounce
137,299,316,step
137,316,344,cabbage_patch
137,344,384,bounce
137,384,432,hands_up
138,0,52,bounce
138,52,68,step
138,68,114,bounce
138,114,125,half_squat
138,125,133,bounce
138,133,210,twist
138,210,220,bounce
138,220,263,step
138,263,283,bounce
138,283,300,step
138,300,328,cabbage_patch
138,329,369,slide_step
138,370,410,bounce
138,410,458,hands_up
139,0,52,bounce
139,52,68,step
139,68,114,bounce
139,114,125,half_squat
139,125,133,bounce
139,133,210,twist
139,210,220,bounce
139,220,263,step
139,263,283,bounce
139,283,300,step
139,300,328,cabbage_patch
139,329,413,bounce
139,413,461,hands_up
140,0,52,bounce
140,52,68,step
140,68,114,bounce
140,114,125,half_squat
140,126,149,twist
140,150,158,bounce
140,158,235,twist
140,235,245,bounce
140,245,288,step
140,288,308,bounce
140,308,325,step
140,325,353,cabbage_patch
140,353,393,bounce
140,393,441,hands_up
141,0,52,bounce
141,52,68,step
141,68,114,bounce
141,114,125,half_squat
141,125,133,bounce
141,133,210,twist
141,211,221,step
141,222,232,bounce
141,232,275,step
141,276,310,slide_step
141,311,331,bounce
141,331,348,step
141,348,376,cabbage_patch
141,376,416,bounce
141,416,464,hands_up
142,0,52,bounce
142,52,68,step
142,68,114,bounce
142,114,125,half_squat
142,125,133,bounce
142,133,210,twist
142,210,220,bounce
142,220,263,step
142,264,292,cabbage_patch
142,293,313,bounce
142,313,330,step
142,330,358,cabbage_patch
142,358,398,bounce
142,398,446,hands_up
143,0,52,bounce
143,52,68,step
143,69,164,bounce
143,164,175,half_squat
143,175,183,bounce
143,183,260,twist
143,260,270,bounce
143,270,313,step
143,313,333,bounce
143,333,350,step
143,350,378,cabbage_patch
143,379,401,half_squat
143,402,442,bounce
143,442,490,hands_up
144,0,52,bounce
144,52,68,step
144,68,114,bounce
144,115,135,step
144,136,147,half_squat
144,147,155,bounce
144,155,232,twist
144,233,254,bounce
144,254,297,step
144,297,317,bounce
144,317,334,step
144,334,362,cabbage_patch
144,362,402,bounce
144,402,450,hands_up
145,0,52,bounce
145,52,68,step
145,68,114,bounce
145,114,125,half_squat
145,125,133,bounce
145,133,210,twist
145,210,220,bounce
145,220,263,step
145,263,283,bounce
145,283,300,step
145,300,328,cabbage_patch
145,328,368,bounce
145,368,416,hands_up
145,417,472,bounce
146,0,10,half_squat
146,10,25,bounce
146,26,58,hands_up
146,59,79,twist
146,79,89,bounce
146,89,152,step
146,152,166,bounce
146,166,174,step
146,175,213,bounce
146,214,244,cabbage_patch
146,244,279,bounce
146,279,314,hands_up
146,315,330,step
146,331,343,bounce
146,343,363,slide_step
147,0,10,half_squat
147,11,43,hands_up
147,44,59,bounce
147,59,79,twist
147,79,89,bounce
147,90,204,step
147,204,218,bounce
147,218,255,step
147,256,286,cabbage_patch
147,286,321,bounce
147,321,356,hands_up
147,356,368,bounce
147,368,388,slide_step
148,0,10,half_squat
148,10,25,bounce
148,26,76,step
148,77,97,twist
148,97,107,bounce
148,107,170,step
148,170,184,bounce
148,184,192,step
148,192,222,cabbage_patch
148,222,257,bounce
148,257,292,hands_up
148,293,308,step
148,309,321,bounce
148,321,341,slide_step
149,0,10,half_squat
149,10,25,bounce
149,25,45,twist
149,45,55,bounce
149,55,118,step
149,118,132,bounce
149,133,153,twist
149,154,162,step
149,162,192,cabbage_patch
149,192,227,bounce
149,227,262,hands_up
149,263,291,bounce
149,291,311,slide_step
150,0,10,half_squat
150,10,25,bounce
150,26,56,cabbage_patch
150,57,77,twist
150,77,87,bounce
150,88,118,hands_up
150,119,182,step
150,182,196,bounce
150,196,204,step
150,204,234,cabbage_patch
150,234,269,bounce
150,269,304,hands_up
150,304,316,bounce
150,316,336,slide_step
151,0,10,half_squat
151,11,34,bounce
151,34,54,twist
151,54,64,bounce
151,65,175,step
151,176,201,bounce
151,201,209,step
151,209,239,cabbage_patch
151,239,274,bounce
151,274,309,hands_up
151,309,321,bounce
151,321,341,slide_step
152,0,10,half_squat
152,10,25,bounce
152,25,45,twist
152,45,55,bounce
152,55,118,step
152,118,132,bounce
152,132,140,step
152,140,170,cabbage_patch
152,171,232,bounce
152,232,267,hands_up
152,267,279,bounce
152,280,341,slide_step
153,0,10,half_squat
153,10,25,bounce
153,25,45,twist
153,45,55,bounce
153,55,118,step
153,118,132,bounce
153,132,140,step
153,140,170,cabbage_patch
153,171,206,twist
153,207,242,bounce
153,242,277,hands_up
153,278,331,bounce
153,331,351,slide_step
153,352,390,bounce
154,0,10,half_squat
154,10,25,bounce
154,25,45,twist
154,45,55,bounce
154,55,118,step
154,118,132,bounce
154,133,165,hands_up
154,166,174,step
154,174,204,cabbage_patch
154,204,239,bounce
154,239,274,hands_up
154,274,286,bounce
154,286,347,slide_step
155,0,10,half_squat
155,10,25,bounce
155,25,45,twist
155,46,65,bounce
155,65,128,step
155,128,142,bounce
155,142,150,step
155,150,180,cabbage_patch
155,180,215,bounce
155,215,250,hands_up
155,250,262,bounce
155,262,282,slide_step
155,283,308,bounce
156,0,10,half_squat
156,10,25,bounce
156,25,45,twist
156,46,157,bounce
156,157,220,step
156,220,234,bounce
156,234,242,step
156,242,272,cabbage_patch
156,272,307,bounce
156,307,342,hands_up
156,343,368,half_squat
156,369,381,bounce
156,381,401,slide_step
156,402,507,step
157,0,10,half_squat
157,11,37,step
157,38,53,bounce
157,53,73,twist
157,74,100,bounce
157,100,163,step
157,163,177,bounce
157,177,185,step
157,185,215,cabbage_patch
157,216,223,half_squat
157,224,259,bounce
157,259,294,hands_up
157,294,306,bounce
157,306,326,slide_step
158,0,10,half_squat
158,11,66,cabbage_patch
158,67,82,bounce
158,82,102,twist
158,102,112,bounce
158,112,175,step
158,175,189,bounce
158,189,197,step
158,197,227,cabbage_patch
158,227,262,bounce
158,262,297,hands_up
158,297,309,bounce
158,309,405,slide_step
159,0,10,half_squat
159,10,25,bounce
159,25,45,twist
159,45,55,bounce
159,55,118,step
159,118,132,bounce
159,133,143,twist
159,144,152,step
159,152,182,cabbage_patch
159,183,193,step
159,194,229,bounce
159,230,237,half_squat
159,238,273,hands_up
159,273,285,bounce
159,285,305,slide_step
160,0,10,half_squat
160,10,25,bounce
160,25,45,twist
160,45,55,bounce
160,55,118,step
160,119,179,hands_up
160,180,194,bounce
160,194,202,step
160,203,253,bounce
160,254,284,cabbage_patch
160,284,319,bounce
160,319,354,hands_up
160,354,366,bounce
160,366,386,slide_step
160,387,492,step
161,0,10,half_squat
161,10,25,bounce
161,25,45,twist
161,45,55,bounce
161,55,118,step
161,118,132,bounce
161,132,140,step
161,141,146,half_squat
161,147,177,cabbage_patch
161,178,188,twist
161,189,224,bounce
161,224,259,hands_up
161,259,271,bounce
161,272,302,slide_step
162,0,10,half_squat
162,10,25,bounce
162,26,58,cabbage_patch
162,59,79,twist
162,79,89,bounce
162,90,129,slide_step
162,130,193,step
162,193,207,bounce
162,208,288,hands_up
162,289,297,step
162,297,327,cabbage_patch
162,327,362,bounce
162,362,397,hands_up
162,397,409,bounce
162,409,429,slide_step
163,0,10,half_squat
163,10,25,bounce
163,26,57,twist
163,57,67,bounce
163,67,151,step
163,152,166,bounce
163,166,174,step
163,174,204,cabbage_patch
163,204,239,bounce
163,239,274,hands_up
163,274,286,bounce
163,286,306,slide_step
164,0,10,half_squat
164,10,25,bounce
164,26,134,half_squat
164,135,155,twist
164,155,165,bounce
164,165,228,step
164,228,242,bounce
164,242,250,step
164,250,341,cabbage_patch
164,342,377,bounce
164,377,412,hands_up
164,412,424,bounce
164,424,444,slide_step
164,445,449,bounce
165,0,10,half_squat
165,10,25,bounce
165,25,45,twist
165,46,77,bounce
165,77,140,step
165,141,169,cabbage_patch
165,170,184,bounce
165,185,210,step
165,210,240,cabbage_patch
165,240,275,bounce
165,275,310,hands_up
165,310,322,bounce
165,322,342,slide_step
166,0,10,half_squat
166,10,25,bounce
166,25,45,twist
166,45,55,bounce
166,55,118,step
166,119,158,bounce
166,158,166,step
166,166,196,cabbage_patch
166,196,231,bounce
166,232,250,twist
166,251,286,hands_up
166,286,298,bounce
166,298,318,slide_step
167,0,10,half_squat
167,11,66,cabbage_patch
167,67,82,bounce
167,83,98,step
167,99,119,twist
167,119,129,bounce
167,130,209,step
167,209,223,bounce
167,223,231,step
167,231,261,cabbage_patch
167,261,296,bounce
167,296,331,hands_up
167,331,343,bounce
167,343,363,slide_step
168,0,10,half_squat
168,10,25,bounce
168,25,45,twist
168,45,55,bounce
168,55,118,step
168,119,185,slide_step
168,186,200,bounce
168,200,208,step
168,208,238,cabbage_patch
168,238,273,bounce
168,274,342,hands_up
168,342,354,bounce
168,355,408,slide_step
169,0,10,half_squat
169,11,49,bounce
169,49,69,twist
169,69,79,bounce
169,79,142,step
169,142,156,bounce
169,157,202,cabbage_patch
169,203,211,step
169,211,241,cabbage_patch
169,241,276,bounce
169,276,311,hands_up
169,312,367,step
169,368,380,bounce
169,380,400,slide_step
170,0,10,half_squat
170,10,25,bounce
170,25,45,twist
170,45,55,bounce
170,56,68,slide_step
170,69,132,step
170,132,146,bounce
170,147,249,step
170,249,279,cabbage_patch
170,279,314,bounce
170,314,349,hands_up
170,350,425,slide_step
170,426,438,bounce
170,438,458,slide_step
171,0,10,half_squat
171,10,25,bounce
171,25,45,twist
171,46,65,step
171,66,76,bounce
171,76,139,step
171,139,153,bounce
171,153,161,step
171,161,191,cabbage_patch
171,192,248,bounce
171,248,283,hands_up
171,283,295,bounce
171,295,315,slide_step
171,316,331,half_squat
172,0,10,half_squat
172,10,25,bounce
172,25,45,twist
172,46,77,step
172,78,88,bounce
172,88,151,step
172,151,165,bounce
172,165,173,step
172,173,203,cabbage_patch
172,203,238,bounce
172,238,273,hands_up
172,273,285,bounce
172,285,305,slide_step
173,0,10,half_squat
173,11,25,slide_step
173,26,41,bounce
173,41,61,twist
173,61,71,bounce
173,71,134,step
173,134,148,bounce
173,148,156,step
173,156,186,cabbage_patch
173,186,221,bounce
173,221,256,hands_up
173,256,268,bounce
173,268,288,slide_step
174,0,10,half_squat
174,10,25,bounce
174,25,45,twist
174,46,86,slide_step
174,87,97,bounce
174,97,160,step
174,160,174,bounce
174,174,182,step
174,182,212,cabbage_patch
174,212,247,bounce
174,247,282,hands_up
174,282,294,bounce
174,294,314,slide_step
175,0,10,half_squat
175,10,25,bounce
175,25,45,twist
175,45,55,bounce
175,55,118,step
175,119,177,bounce
175,177,185,step
175,185,215,cabbage_patch
175,215,250,bounce
175,250,285,hands_up
175,285,297,bounce
175,297,317,slide_step
176,0,10,half_squat
176,10,25,bounce
176,25,45,twist
176,45,55,bounce
176,55,118,step
176,118,132,bounce
176,132,140,step
176,140,170,cabbage_patch
176,170,205,bounce
176,205,240,hands_up
176,240,252,bounce
176,252,272,slide_step
176,273,296,twist
177,0,10,half_squat
177,10,25,bounce
177,26,60,slide_step
177,61,81,twist
177,81,91,bounce
177,91,154,step
177,154,168,bounce
177,169,193,hands_up
177,194,202,step
177,202,232,cabbage_patch
177,232,267,bounce
177,268,316,step
177,317,352,hands_up
177,352,364,bounce
177,364,384,slide_step
178,0,10,half_squat
178,10,25,bounce
178,25,45,twist
178,46,63,slide_step
178,64,74,bounce
178,74,137,step
178,137,151,bounce
178,151,159,step
178,159,189,cabbage_patch
178,189,224,bounce
178,224,259,hands_up
178,260,315,bounce
178,316,366,step
178,367,387,slide_step
179,0,10,half_squat
179,10,25,bounce
179,25,45,twist
179,45,55,bounce
179,55,118,step
179,118,132,bounce
179,132,140,step
179,140,170,cabbage_patch
179,171,255,bounce
179,255,290,hands_up
179,290,302,bounce
179,302,322,slide_step
180,0,10,half_squat
180,10,25,bounce
180,25,45,twist
180,45,55,bounce
180,55,118,step
180,119,158,bounce
180,158,166,step
180,166,196,cabbage_patch
180,196,231,bounce
180,231,266,hands_up
180,266,278,bounce
180,279,299,step
180,300,320,slide_step
180,321,330,bounce
181,0,10,half_squat
181,10,25,bounce
181,25,45,twist
181,45,55,bounce
181,55,118,step
181,118,132,bounce
181,132,140,step
181,141,196,bounce
181,197,227,cabbage_patch
181,227,262,bounce
181,263,359,hands_up
181,360,395,slide_step
181,396,408,bounce
181,408,428,slide_step
182,0,52,bounce
182,52,68,step
182,69,142,bounce
182,142,202,half_squat
182,203,267,bounce
182,267,285,twist
182,286,323,slide_step
182,324,334,bounce
182,334,384,step
182,384,408,bounce
183,0,52,bounce
183,53,118,step
183,118,165,bounce
183,166,203,slide_step
183,204,264,half_squat
183,265,291,bounce
183,292,324,hands_up
183,325,343,twist
183,344,374,cabbage_patch
183,375,385,bounce
183,385,435,step
183,435,459,bounce
184,0,52,bounce
184,53,83,cabbage_patch
184,84,100,step
184,100,147,bounce
184,148,176,step
184,177,237,half_squat
184,237,254,bounce
184,254,272,twist
184,273,288,step
184,289,299,bounce
184,299,349,step
184,350,370,twist
184,371,395,bounce
185,0,52,bounce
185,52,68,step
185,69,89,slide_step
185,90,137,bounce
185,137,197,half_squat
185,197,214,bounce
185,214,232,twist
185,233,290,bounce
185,291,392,step
185,393,456,bounce
186,0,52,bounce
186,52,115,step
186,116,163,bounce
186,163,223,half_squat
186,223,240,bounce
186,240,258,twist
186,259,294,slide_step
186,295,305,bounce
186,306,385,step
186,386,416,cabbage_patch
186,417,442,bounce
187,0,52,bounce
187,52,119,step
187,120,167,bounce
187,167,227,half_squat
187,228,274,bounce
187,274,292,twist
187,293,308,step
187,309,319,bounce
187,319,369,step
187,369,393,bounce
188,0,52,bounce
188,52,68,step
188,69,109,slide_step
188,110,157,bounce
188,157,217,half_squat
188,218,261,bounce
188,262,317,step
188,318,336,twist
188,337,348,half_squat
188,349,359,bounce
188,359,409,step
188,410,426,cabbage_patch
188,427,451,bounce
188,452,498,step
189,0,52,bounce
189,52,68,step
189,69,104,twist
189,105,152,bounce
189,152,212,half_squat
189,213,243,cabbage_patch
189,244,261,bounce
189,261,279,twist
189,280,295,step
189,296,306,bounce
189,306,407,step
189,408,432,bounce
190,0,52,bounce
190,52,68,step
190,69,155,bounce
190,155,215,half_squat
190,215,232,bounce
190,232,250,twist
190,251,283,hands_up
190,284,294,bounce
190,295,424,step
190,425,465,slide_step
190,466,491,bounce
191,0,52,bounce
191,52,68,step
191,68,115,bounce
191,116,126,twist
191,127,187,half_squat
191,187,204,bounce
191,204,222,twist
191,223,238,cabbage_patch
191,239,249,bounce
191,249,299,step
191,300,306,half_squat
191,307,331,bounce
191,332,357,step
192,0,52,bounce
192,52,68,step
192,68,115,bounce
192,115,175,half_squat
192,176,251,slide_step
192,252,269,bounce
192,270,375,step
192,376,394,twist
192,395,421,bounce
192,421,471,step
192,472,532,hands_up
192,533,557,bounce
192,558,583,half_squat
193,0,52,bounce
193,53,80,step
193,81,88,half_squat
193,89,136,bounce
193,136,196,half_squat
193,197,202,step
193,203,220,bounce
193,220,238,twist
193,238,248,bounce
193,249,264,slide_step
193,265,315,step
193,315,339,bounce
194,0,52,bounce
194,53,166,step
194,167,242,slide_step
194,243,290,bounce
194,291,351,hands_up
194,352,412,half_squat
194,412,429,bounce
194,430,455,step
194,456,474,twist
194,474,484,bounce
194,484,570,step
194,571,595,bounce
195,0,52,bounce
195,53,68,slide_step
195,69,91,step
195,92,139,bounce
195,139,199,half_squat
195,199,216,bounce
195,216,234,twist
195,235,271,bounce
195,271,321,step
195,322,352,bounce
195,353,380,step
196,0,52,bounce
196,53,272,step
196,273,320,bounce
196,320,380,half_squat
196,381,419,bounce
196,420,455,step
196,456,474,twist
196,474,484,bounce
196,484,534,step
196,535,610,slide_step
196,611,635,bounce
197,0,52,bounce
197,53,73,hands_up
197,74,90,step
197,90,137,bounce
197,137,197,half_squat
197,198,221,bounce
197,221,239,twist
197,240,256,bounce
197,257,265,cabbage_patch
197,266,316,step
197,316,340,bounce
198,0,52,bounce
198,52,169,step
198,170,217,bounce
198,217,277,half_squat
198,278,356,bounce
198,356,415,twist
198,416,426,bounce
198,427,459,cabbage_patch
198,460,510,step
198,511,576,bounce
199,0,52,bounce
199,52,68,step
199,69,79,twist
199,80,127,bounce
199,128,136,step
199,137,197,half_squat
199,198,220,step
199,221,238,bounce
199,238,256,twist
199,256,266,bounce
199,266,316,step
199,317,347,bounce
199,348,368,slide_step
200,0,52,bounce
200,52,68,step
200,69,129,cabbage_patch
200,130,177,bounce
200,177,237,half_squat
200,238,321,step
200,322,339,bounce
200,339,398,twist
200,399,409,bounce
200,410,490,slide_step
200,491,541,step
200,541,566,bounce
201,0,52,bounce
201,53,87,step
201,88,182,bounce
201,182,242,half_squat
201,243,269,bounce
201,269,287,twist
201,287,297,bounce
201,297,347,step
201,348,425,twist
201,426,450,bounce
202,0,52,bounce
202,52,68,step
202,68,115,bounce
202,115,175,half_squat
202,176,204,bounce
202,204,222,twist
202,223,258,hands_up
202,259,269,bounce
202,270,384,step
202,385,445,bounce
203,0,52,bounce
203,52,68,step
203,68,115,bounce
203,116,131,step
203,132,192,half_squat
203,192,209,bounce
203,210,225,step
203,226,244,twist
203,245,278,step
203,279,289,bounce
203,289,410,step
203,411,435,bounce
203,436,491,cabbage_patch
204,0,52,bounce
204,52,68,step
204,69,127,bounce
204,128,194,slide_step
204,195,255,half_squat
204,256,288,slide_step
204,289,306,bounce
204,307,380,step
204,381,399,twist
204,400,439,bounce
204,439,489,step
204,489,514,bounce
204,515,547,hands_up
205,0,52,bounce
205,52,79,step
205,80,127,bounce
205,128,183,step
205,184,244,half_squat
205,245,340,twist
205,341,358,bounce
205,358,376,twist
205,377,398,bounce
205,399,444,cabbage_patch
205,445,495,step
205,495,520,bounce
206,0,52,bounce
206,53,128,slide_step
206,129,239,step
206,240,287,bounce
206,287,347,half_squat
206,347,364,bounce
206,364,382,twist
206,382,392,bounce
206,393,405,slide_step
206,406,456,step
206,456,480,bounce
207,0,52,bounce
207,52,115,step
207,116,163,bounce
207,163,223,half_squat
207,224,243,step
207,244,261,bounce
207,261,279,twist
207,279,289,bounce
207,289,339,step
207,340,355,half_squat
207,356,381,bounce
208,0,52,bounce
208,53,101,step
208,101,148,bounce
208,148,208,half_squat
208,208,225,bounce
208,225,243,twist
208,243,253,bounce
208,253,303,step
208,303,328,bounce
209,0,52,bounce
209,52,68,step
209,69,83,slide_step
209,84,131,bounce
209,131,191,half_squat
209,191,208,bounce
209,208,226,twist
209,226,236,bounce
209,236,286,step
209,286,310,bounce
210,0,52,bounce
210,52,68,step
210,68,115,bounce
210,115,175,half_squat
210,175,192,bounce
210,193,233,slide_step
210,234,252,twist
210,252,262,bounce
210,262,312,step
210,312,336,bounce
211,0,52,bounce
211,52,68,step
211,68,115,bounce
211,115,175,half_squat
211,175,192,bounce
211,192,210,twist
211,210,220,bounce
211,220,270,step
211,270,294,bounce
212,0,52,bounce
212,52,68,step
212,68,115,bounce
212,115,175,half_squat
212,175,192,bounce
212,192,234,twist
212,235,245,bounce
212,245,295,step
212,295,319,bounce
213,0,52,bounce
213,53,77,hands_up
213,78,94,step
213,95,150,bounce
213,151,161,step
213,162,222,half_squat
213,222,239,bounce
213,240,288,step
213,289,307,twist
213,307,317,bounce
213,317,367,step
213,368,402,slide_step
213,403,428,bounce
214,0,52,bounce
214,53,81,cabbage_patch
214,82,98,step
214,99,127,hands_up
214,128,175,bounce
214,175,235,half_squat
214,236,286,step
214,287,304,bounce
214,304,322,twist
214,322,332,bounce
214,332,398,step
214,399,423,bounce
214,424,441,slide_step
215,0,52,bounce
215,53,75,half_squat
215,76,92,step
215,93,161,bounce
215,162,176,step
215,177,237,half_squat
215,237,254,bounce
215,254,272,twist
215,272,282,bounce
215,283,298,twist
215,299,349,step
215,350,385,bounce
216,0,52,bounce
216,52,68,step
216,69,89,cabbage_patch
216,90,137,bounce
216,137,197,half_squat
216,197,214,bounce
216,214,232,twist
216,232,242,bounce
216,242,292,step
216,293,303,half_squat
216,304,328,bounce
216,329,382,step
217,0,52,bounce
217,53,94,step
217,94,141,bounce
217,141,201,half_squat
217,201,218,bounce
217,218,236,twist
217,237,268,bounce
217,269,304,slide_step
217,305,355,step
217,355,379,bounce
217,380,440,hands_up
218,0,33,step
218,33,60,bounce
218,61,127,step
218,128,168,bounce
218,169,224,cabbage_patch
218,225,256,step
218,257,329,bounce
218,330,350,twist
218,351,470,step
218,471,497,bounce
218,498,526,step
219,0,62,step
219,63,90,bounce
219,91,157,step
219,158,169,half_squat
219,170,225,cabbage_patch
219,226,272,bounce
219,273,288,step
219,289,321,hands_up
219,322,347,bounce
219,347,417,step
219,417,442,bounce
219,443,463,twist
220,0,33,step
220,34,71,slide_step
220,72,99,bounce
220,99,114,step
220,115,125,bounce
220,126,181,cabbage_patch
220,182,248,step
220,249,321,bounce
220,321,391,step
220,392,424,hands_up
220,425,450,bounce
220,451,479,step
221,0,62,step
221,63,90,bounce
221,90,105,step
221,106,143,bounce
221,144,199,cabbage_patch
221,200,211,half_squat
221,212,227,step
221,228,248,twist
221,249,274,bounce
221,274,344,step
221,345,381,bounce
222,0,33,step
222,34,77,bounce
222,77,92,step
222,93,115,bounce
222,116,171,cabbage_patch
222,172,234,step
222,235,265,cabbage_patch
222,266,291,bounce
222,291,361,step
222,362,397,slide_step
222,398,424,bounce
223,0,49,step
223,50,77,bounce
223,77,92,step
223,93,123,twist
223,124,179,cabbage_patch
223,179,241,step
223,242,267,bounce
223,268,300,slide_step
223,301,371,step
223,372,399,cabbage_patch
223,400,425,bounce
223,426,485,hands_up
224,0,33,step
224,34,64,hands_up
224,65,92,bounce
224,93,155,step
224,156,228,cabbage_patch
224,229,269,bounce
224,270,285,step
224,286,297,half_squat
224,298,323,bounce
224,323,393,step
224,393,418,bounce
224,419,474,step
225,0,82,step
225,83,110,bounce
225,111,142,step
225,143,181,bounce
225,182,237,cabbage_patch
225,238,246,bounce
225,247,262,step
225,263,299,bounce
225,300,337,slide_step
225,338,408,step
225,409,420,half_squat
225,421,447,bounce
226,0,33,step
226,34,66,hands_up
226,67,94,bounce
226,95,135,slide_step
226,136,230,step
226,231,286,cabbage_patch
226,286,301,step
226,302,333,bounce
226,333,403,step
226,403,429,bounce
227,0,33,step
227,34,49,slide_step
227,50,77,bounce
227,77,118,step
227,119,174,cabbage_patch
227,175,201,step
227,202,254,bounce
227,254,324,step
227,325,357,bounce
228,0,139,step
228,140,167,bounce
228,168,219,step
228,220,310,bounce
228,311,366,cabbage_patch
228,367,467,bounce
228,468,483,step
228,483,508,bounce
228,509,584,slide_step
228,585,752,step
228,753,779,bounce
229,0,33,step
229,33,60,bounce
229,60,75,step
229,76,91,slide_step
229,92,147,cabbage_patch
229,148,173,bounce
229,174,189,step
229,190,197,half_squat
229,198,223,bounce
229,224,305,step
229,306,321,hands_up
229,322,347,bounce
229,348,363,cabbage_patch
230,0,33,step
230,34,94,hands_up
230,95,122,bounce
230,123,174,step
230,175,260,bounce
230,261,372,cabbage_patch
230,373,388,step
230,388,413,bounce
230,414,616,step
230,617,642,bounce
230,643,668,half_squat
231,0,33,step
231,34,44,twist
231,45,72,bounce
231,72,98,step
231,99,154,cabbage_patch
231,155,180,bounce
231,181,196,step
231,197,228,bounce
231,228,324,step
231,325,350,bounce
231,351,366,hands_up
232,0,33,step
232,34,147,bounce
232,148,295,step
232,296,407,cabbage_patch
232,408,423,step
232,424,550,bounce
232,551,576,half_squat
232,577,647,step
232,648,688,twist
232,689,714,bounce
233,0,33,step
233,34,74,bounce
233,74,89,step
233,90,107,bounce
233,108,163,cabbage_patch
233,164,174,bounce
233,175,201,step
233,202,227,bounce
233,227,297,step
233,298,307,slide_step
233,308,334,bounce
233,335,355,hands_up
234,0,33,step
234,34,110,bounce
234,110,125,step
234,126,206,hands_up
234,207,262,cabbage_patch
234,263,281,bounce
234,282,297,step
234,298,392,bounce
234,393,433,twist
234,434,504,step
234,504,529,bounce
234,530,550,half_squat
235,0,44,step
235,45,72,bounce
235,72,87,step
235,88,94,half_squat
235,95,150,cabbage_patch
235,150,165,step
235,166,186,slide_step
235,187,212,bounce
235,213,228,cabbage_patch
235,229,299,step
235,300,336,bounce
235,337,352,hands_up
236,0,33,step
236,33,60,bounce
236,60,75,step
236,76,156,slide_step
236,157,212,cabbage_patch
236,213,253,twist
236,254,353,step
236,354,379,bounce
236,379,449,step
236,450,510,cabbage_patch
236,511,537,bounce
236,538,598,hands_up
237,0,33,step
237,34,114,bounce
237,115,147,step
237,148,159,half_squat
237,160,215,cabbage_patch
237,215,230,step
237,231,277,bounce
237,278,366,step
237,367,433,bounce
237,434,511,twist
238,0,42,step
238,43,70,bounce
238,70,85,step
238,86,96,half_squat
238,97,152,cabbage_patch
238,153,173,twist
238,174,189,step
238,190,220,cabbage_patch
238,221,246,bounce
238,246,316,step
238,317,355,bounce
238,356,419,step
239,0,33,step
239,33,60,bounce
239,60,75,step
239,76,94,twist
239,95,150,cabbage_patch
239,151,168,bounce
239,169,235,step
239,236,261,bounce
239,261,331,step
239,332,410,bounce
240,0,33,step
240,34,66,hands_up
240,67,94,bounce
240,94,109,step
240,110,138,bounce
240,139,194,cabbage_patch
240,195,261,slide_step
240,262,351,step
240,352,377,bounce
240,377,447,step
240,448,485,bounce
240,486,518,slide_step
241,0,89,step
241,90,117,bounce
241,118,144,step
241,144,199,cabbage_patch
241,199,214,step
241,215,251,bounce
241,252,297,cabbage_patch
241,298,368,step
241,369,464,twist
241,465,491,bounce
242,0,33,step
242,33,60,bounce
242,61,136,slide_step
242,137,152,step
242,152,207,cabbage_patch
242,207,222,step
242,223,235,slide_step
242,236,261,bounce
242,261,331,step
242,331,356,bounce
242,357,450,step
243,0,53,step
243,54,81,bounce
243,82,98,twist
243,99,114,step
243,115,135,bounce
243,136,191,cabbage_patch
243,192,207,half_squat
243,208,270,step
243,271,296,bounce
243,296,366,step
243,367,462,bounce
244,0,33,step
244,33,60,bounce
244,60,75,step
244,75,130,cabbage_patch
244,130,145,step
244,145,170,bounce
244,170,272,step
244,273,299,bounce
245,0,33,step
245,33,60,bounce
245,61,75,slide_step
245,76,91,step
245,91,146,cabbage_patch
245,146,161,step
245,161,186,bounce
245,186,256,step
245,256,281,bounce
246,0,33,step
246,33,60,bounce
246,61,101,slide_step
246,102,117,step
246,117,172,cabbage_patch
246,172,187,step
246,187,212,bounce
246,212,282,step
246,282,307,bounce
247,0,33,step
247,33,60,bounce
247,60,75,step
247,75,130,cabbage_patch
247,130,145,step
247,145,170,bounce
247,170,240,step
247,240,265,bounce
248,0,33,step
248,33,60,bounce
248,60,75,step
248,75,130,cabbage_patch
248,130,145,step
248,145,170,bounce
248,171,194,twist
248,195,265,step
248,265,290,bounce
249,0,33,step
249,33,60,bounce
249,60,75,step
249,76,100,hands_up
249,101,156,cabbage_patch
249,157,232,step
249,233,258,bounce
249,259,293,slide_step
249,294,364,step
249,365,400,bounce
250,0,33,step
250,34,51,slide_step
250,52,79,bounce
250,80,146,step
250,147,231,cabbage_patch
250,232,247,step
250,248,316,bounce
250,316,437,step
250,438,463,bounce
251,0,33,step
251,34,72,bounce
251,73,88,twist
251,89,104,step
251,105,153,bounce
251,154,209,cabbage_patch
251,210,230,bounce
251,231,246,step
251,247,319,bounce
251,320,405,step
251,405,430,bounce
251,431,453,half_squat
252,0,33,step
252,34,86,bounce
252,87,105,twist
252,106,121,step
252,122,182,bounce
252,183,238,cabbage_patch
252,239,308,step
252,309,329,cabbage_patch
252,330,355,bounce
252,355,425,step
252,426,462,bounce
253,0,33,step
253,33,60,bounce
253,61,96,slide_step
253,97,112,step
253,113,168,bounce
253,169,224,cabbage_patch
253,225,245,bounce
253,246,261,step
253,261,286,bounce
253,286,356,step
253,357,417,hands_up
253,418,443,bounce
253,444,468,step
254,0,28,bounce
254,28,60,hands_up
254,61,111,step
254,112,122,bounce
254,123,134,half_squat
254,135,167,slide_step
254,168,270,step
254,271,301,cabbage_patch
254,302,368,slide_step
254,369,384,step
255,0,28,bounce
255,29,44,step
255,45,77,hands_up
255,78,114,bounce
255,115,126,half_squat
255,127,159,slide_step
255,160,282,step
255,283,293,bounce
255,294,360,slide_step
255,361,369,bounce
256,0,28,bounce
256,29,79,step
256,80,112,hands_up
256,113,143,cabbage_patch
256,144,154,bounce
256,155,175,twist
256,176,208,slide_step
256,209,219,bounce
256,220,293,step
256,294,334,bounce
256,335,439,slide_step
257,0,28,bounce
257,29,93,hands_up
257,94,144,step
257,145,155,bounce
257,155,187,slide_step
257,188,208,twist
257,209,282,step
257,283,298,bounce
257,299,365,slide_step
257,366,378,step
258,0,28,bounce
258,29,92,hands_up
258,93,150,bounce
258,151,166,step
258,167,199,slide_step
258,200,240,bounce
258,241,343,step
258,344,410,slide_step
258,411,426,bounce
259,0,28,bounce
259,29,79,step
259,80,112,hands_up
259,113,152,bounce
259,152,184,slide_step
259,185,215,twist
259,216,289,step
259,290,349,hands_up
259,350,416,slide_step
259,417,463,step
260,0,28,bounce
260,29,92,hands_up
260,93,146,bounce
260,147,202,twist
260,203,235,slide_step
260,236,338,step
260,339,379,bounce
260,380,446,slide_step
260,447,493,bounce
261,0,28,bounce
261,29,94,hands_up
261,95,143,step
261,144,154,bounce
261,155,205,step
261,206,238,slide_step
261,239,341,step
261,342,388,bounce
261,389,493,slide_step
262,0,28,bounce
262,28,60,hands_up
262,61,139,step
262,140,150,bounce
262,150,182,slide_step
262,183,215,hands_up
262,216,289,step
262,290,295,bounce
262,296,404,slide_step
263,0,28,bounce
263,28,60,hands_up
263,61,98,bounce
263,99,105,half_squat
263,106,138,slide_step
263,139,152,bounce
263,153,237,step
263,238,321,slide_step
264,0,28,bounce
264,29,69,twist
264,70,102,hands_up
264,103,144,bounce
264,145,205,hands_up
264,206,238,slide_step
264,239,435,step
264,436,502,slide_step
264,503,538,step
265,0,28,bounce
265,28,60,hands_up
265,61,87,bounce
265,88,98,twist
265,99,131,slide_step
265,132,140,bounce
265,141,214,step
265,215,230,hands_up
265,231,297,slide_step
265,298,305,half_squat
266,0,28,bounce
266,29,134,step
266,135,167,hands_up
266,168,203,step
266,204,214,bounce
266,215,323,slide_step
266,324,384,hands_up
266,385,484,step
266,485,551,slide_step
266,552,607,cabbage_patch
267,0,28,bounce
267,28,60,hands_up
267,61,77,bounce
267,78,85,half_squat
267,86,118,slide_step
267,119,139,bounce
267,140,213,step
267,214,229,hands_up
267,230,296,slide_step
267,297,317,bounce
268,0,28,bounce
268,29,125,step
268,126,158,hands_up
268,159,260,bounce
268,260,292,slide_step
268,293,353,hands_up
268,354,427,step
268,428,528,bounce
268,529,595,slide_step
268,596,651,cabbage_patch
269,0,28,bounce
269,28,60,hands_up
269,61,84,bounce
269,85,95,twist
269,96,128,slide_step
269,129,213,step
269,214,239,bounce
269,240,306,slide_step
269,307,312,half_squat
270,0,28,bounce
270,29,61,cabbage_patch
270,62,94,hands_up
270,95,115,half_squat
270,116,126,bounce
270,126,198,slide_step
270,199,272,step
270,273,353,hands_up
270,354,420,slide_step
270,421,461,bounce
271,0,28,bounce
271,28,60,hands_up
271,61,77,bounce
271,78,84,half_squat
271,85,138,slide_step
271,139,223,step
271,224,290,slide_step
271,291,316,bounce
272,0,28,bounce
272,28,121,hands_up
272,122,132,bounce
272,133,173,twist
272,174,206,slide_step
272,207,369,step
272,370,410,bounce
272,411,477,slide_step
272,478,578,bounce
273,0,28,bounce
273,28,60,hands_up
273,61,92,bounce
273,92,124,slide_step
273,125,135,bounce
273,136,209,step
273,210,262,bounce
273,263,329,slide_step
273,330,373,step
274,0,28,bounce
274,29,49,twist
274,50,82,hands_up
274,83,93,half_squat
274,94,104,bounce
274,105,113,step
274,114,167,slide_step
274,168,241,step
274,242,277,hands_up
274,278,344,slide_step
274,345,380,bounce
275,0,28,bounce
275,28,60,hands_up
275,61,124,bounce
275,124,156,slide_step
275,157,217,half_squat
275,218,291,step
275,292,310,twist
275,311,377,slide_step
275,378,394,step
276,0,28,bounce
276,29,62,step
276,63,95,hands_up
276,96,151,cabbage_patch
276,152,162,bounce
276,162,194,slide_step
276,195,284,step
276,285,312,bounce
276,313,379,slide_step
276,380,450,step
277,0,28,bounce
277,28,60,hands_up
277,61,106,cabbage_patch
277,107,117,bounce
277,118,213,twist
277,214,246,slide_step
277,247,387,step
277,388,455,slide_step
277,456,478,bounce
278,0,28,bounce
278,29,41,slide_step
278,42,74,hands_up
278,74,84,bounce
278,84,116,slide_step
278,116,283,step
278,284,426,slide_step
279,0,28,bounce
279,29,48,step
279,49,81,hands_up
279,82,97,half_squat
279,98,108,bounce
279,108,140,slide_step
279,141,157,twist
279,158,231,step
279,232,300,bounce
279,301,368,slide_step
279,369,415,step
280,0,28,bounce
280,28,60,hands_up
280,60,70,bounce
280,71,102,step
280,103,135,slide_step
280,135,208,step
280,208,275,slide_step
281,0,28,bounce
281,28,60,hands_up
281,60,70,bounce
281,70,117,slide_step
281,118,191,step
281,191,257,slide_step
282,0,28,bounce
282,29,69,slide_step
282,70,102,hands_up
282,102,112,bounce
282,112,144,slide_step
282,144,217,step
282,217,283,slide_step
283,0,28,bounce
283,28,60,hands_up
283,60,70,bounce
283,70,102,slide_step
283,102,175,step
283,176,219,bounce
283,220,286,slide_step
284,0,28,bounce
284,28,60,hands_up
284,60,70,bounce
284,70,102,slide_step
284,103,126,twist
284,127,200,step
284,200,266,slide_step
285,0,28,bounce
285,29,63,slide_step
285,64,96,hands_up
285,97,145,step
285,146,156,bounce
285,157,167,step
285,168,200,slide_step
285,201,209,bounce
285,210,283,step
285,284,308,hands_up
285,309,376,slide_step
285,377,384,bounce
286,0,28,bounce
286,29,44,step
286,45,77,hands_up
286,78,95,slide_step
286,96,106,bounce
286,106,138,slide_step
286,139,149,bounce
286,150,274,step
286,275,341,slide_step
286,342,373,bounce
287,0,28,bounce
287,28,60,hands_up
287,61,92,bounce
287,93,115,half_squat
287,116,148,slide_step
287,149,159,bounce
287,160,233,step
287,234,280,bounce
287,281,347,slide_step
287,348,363,twist
288,0,28,bounce
288,29,49,step
288,50,82,hands_up
288,83,103,bounce
288,103,135,slide_step
288,136,156,cabbage_patch
288,157,230,step
288,231,249,bounce
288,250,317,slide_step
288,318,371,step
289,0,28,bounce
289,29,64,slide_step
289,65,158,hands_up
289,159,169,bounce
289,170,194,step
289,195,227,slide_step
289,227,300,step
289,301,356,bounce
289,357,423,slide_step
289,424,444,bounce
290,0,95,twist
290,96,122,bounce
290,122,177,step
290,178,241,bounce
290,242,268,step
290,269,306,slide_step
290,307,352,cabbage_patch
290,353,403,step
291,0,95,twist
291,96,126,cabbage_patch
291,127,137,bounce
291,138,175,slide_step
291,176,231,step
291,232,252,twist
291,253,275,bounce
291,275,301,step
291,302,347,cabbage_patch
291,348,356,bounce
292,0,95,twist
292,96,133,slide_step
292,134,144,bounce
292,144,199,step
292,200,220,twist
292,221,243,bounce
292,244,283,step
292,284,324,bounce
292,325,370,cabbage_patch
292,371,409,bounce
293,0,95,twist
293,96,146,step
293,147,157,bounce
293,157,212,step
293,213,224,half_squat
293,225,247,bounce
293,248,271,step
293,272,312,bounce
293,313,358,cabbage_patch
293,359,390,hands_up
294,0,95,twist
294,96,153,bounce
294,153,252,step
294,253,275,bounce
294,275,285,step
294,286,301,bounce
294,302,347,cabbage_patch
294,348,359,half_squat
295,0,95,twist
295,96,146,step
295,147,157,bounce
295,158,217,hands_up
295,218,273,step
295,274,304,bounce
295,305,378,step
295,379,424,cabbage_patch
295,425,435,bounce
296,0,95,twist
296,96,110,step
296,111,121,bounce
296,122,233,step
296,234,264,hands_up
296,265,287,bounce
296,287,297,step
296,298,338,slide_step
296,339,384,cabbage_patch
296,385,425,bounce
297,0,95,twist
297,96,111,step
297,112,122,bounce
297,122,177,step
297,178,247,bounce
297,248,307,step
297,308,319,half_squat
297,320,365,cabbage_patch
297,366,376,bounce
298,0,95,twist
298,95,105,bounce
298,105,160,step
298,161,189,bounce
298,190,230,slide_step
298,231,241,step
298,242,274,hands_up
298,275,320,cabbage_patch
298,321,400,step
299,0,95,twist
299,96,112,bounce
299,113,194,step
299,195,205,twist
299,206,228,bounce
299,229,244,hands_up
299,245,255,step
299,256,262,half_squat
299,263,308,cabbage_patch
299,309,334,bounce
300,0,95,twist
300,96,121,step
300,122,132,bounce
300,133,158,half_squat
300,159,214,step
300,215,338,bounce
300,338,348,step
300,349,409,hands_up
300,410,455,cabbage_patch
300,456,486,bounce
301,0,95,twist
301,96,101,step
301,102,112,bounce
301,113,128,slide_step
301,129,211,step
301,212,234,bounce
301,235,250,hands_up
301,251,261,step
301,262,282,bounce
301,283,328,cabbage_patch
301,329,334,bounce
302,0,95,twist
302,96,201,step
302,202,212,bounce
302,212,267,step
302,268,308,twist
302,309,331,bounce
302,332,387,cabbage_patch
302,388,398,step
302,399,484,bounce
302,485,530,cabbage_patch
302,531,581,bounce
303,0,106,twist
303,107,117,bounce
303,118,200,step
303,201,229,bounce
303,229,245,step
303,246,291,cabbage_patch
303,292,302,step
304,0,95,twist
304,96,122,bounce
304,122,177,step
304,178,291,bounce
304,292,352,hands_up
304,353,460,step
304,461,506,cabbage_patch
304,507,557,bounce
305,0,95,twist
305,96,121,step
305,122,132,bounce
305,132,187,step
305,188,221,bounce
305,221,231,step
305,232,242,twist
305,243,288,cabbage_patch
305,289,314,bounce
306,0,95,twist
306,96,116,half_squat
306,117,127,bounce
306,128,325,step
306,326,348,bounce
306,348,358,step
306,359,419,bounce
306,420,498,cabbage_patch
307,0,95,twist
307,96,111,cabbage_patch
307,112,122,bounce
307,122,177,step
307,178,206,bounce
307,207,249,step
307,250,295,cabbage_patch
307,296,302,half_squat
308,0,95,twist
308,96,127,bounce
308,128,224,step
308,225,348,bounce
308,349,392,step
308,393,473,slide_step
308,474,519,cabbage_patch
308,520,600,bounce
309,0,95,twist
309,96,115,bounce
309,116,189,step
309,190,201,half_squat
309,202,224,bounce
309,225,279,step
309,280,328,hands_up
309,329,374,cabbage_patch
309,375,421,bounce
310,0,95,twist
310,96,122,bounce
310,123,242,step
310,243,278,bounce
310,278,288,step
310,289,309,twist
310,310,355,cabbage_patch
310,356,391,hands_up
311,0,95,twist
311,96,124,bounce
311,124,179,step
311,180,198,twist
311,199,221,bounce
311,221,231,step
311,232,242,bounce
311,243,288,cabbage_patch
311,289,349,half_squat
312,0,95,twist
312,96,166,step
312,167,177,bounce
312,178,283,step
312,284,306,bounce
312,307,362,cabbage_patch
312,363,373,step
312,374,399,bounce
312,400,446,cabbage_patch
312,447,472,bounce
313,0,95,twist
313,96,128,hands_up
313,129,139,bounce
313,140,269,step
313,270,336,slide_step
313,337,359,bounce
313,359,369,step
313,370,402,slide_step
313,403,449,cabbage_patch
313,450,460,bounce
314,0,95,twist
314,96,189,step
314,190,200,bounce
314,201,213,slide_step
314,214,269,step
314,270,345,slide_step
314,346,368,bounce
314,368,378,step
314,378,423,cabbage_patch
315,0,95,twist
315,96,142,step
315,143,153,bounce
315,153,208,step
315,209,224,half_squat
315,225,247,bounce
315,248,278,step
315,279,299,bounce
315,300,346,cabbage_patch
315,347,363,twist
316,0,95,twist
316,95,105,bounce
316,105,160,step
316,160,182,bounce
316,182,224,step
316,225,271,cabbage_patch
317,0,95,twist
317,95,105,bounce
317,105,160,step
317,161,175,slide_step
317,176,198,bounce
317,198,208,step
317,208,253,cabbage_patch
318,0,95,twist
318,95,105,bounce
318,105,160,step
318,160,182,bounce
318,182,192,step
318,193,233,slide_step
318,234,279,cabbage_patch
319,0,95,twist
319,95,105,bounce
319,105,160,step
319,160,182,bounce
319,182,192,step
319,193,236,bounce
319,237,282,cabbage_patch
320,0,95,twist
320,95,105,bounce
320,106,129,twist
320,130,185,step
320,185,207,bounce
320,207,217,step
320,217,262,cabbage_patch
321,0,95,twist
321,96,114,bounce
321,115,219,step
321,220,251,bounce
321,252,286,slide_step
321,287,297,step
321,298,322,hands_up
321,323,369,cabbage_patch
321,370,380,step
322,0,95,twist
322,96,113,slide_step
322,114,124,bounce
322,125,153,hands_up
322,154,209,step
322,210,243,bounce
322,244,270,step
322,271,302,bounce
322,303,348,cabbage_patch
322,349,399,step
323,0,95,twist
323,96,127,bounce
323,127,182,step
323,183,205,half_squat
323,206,228,bounce
323,228,253,step
323,254,299,cabbage_patch
323,300,310,bounce
324,0,95,twist
324,96,116,step
324,117,127,bounce
324,127,182,step
324,183,201,twist
324,202,224,bounce
324,224,288,step
324,289,334,cabbage_patch
324,335,345,half_squat
325,0,95,twist
325,96,131,slide_step
325,132,142,bounce
325,142,197,step
325,198,241,bounce
325,242,277,step
325,277,322,cabbage_patch
325,323,383,hands_up
326,0,75,slide_step
326,76,214,step
326,215,227,slide_step
326,228,239,half_squat
327,0,75,slide_step
327,76,116,bounce
327,117,210,step
327,211,231,twist
327,232,244,slide_step
327,245,273,step
328,0,113,slide_step
328,114,258,step
328,259,271,slide_step
328,272,312,bounce
329,0,75,slide_step
329,76,87,half_squat
329,88,181,step
329,182,192,bounce
329,193,205,slide_step
329,206,216,bounce
330,0,75,slide_step
330,76,242,step
330,243,255,slide_step
330,256,267,half_squat
331,0,75,slide_step
331,76,106,twist
331,107,200,step
331,201,208,bounce
331,209,221,slide_step
331,222,261,bounce
332,0,75,slide_step
332,76,122,bounce
332,123,216,step
332,217,233,cabbage_patch
332,234,246,slide_step
332,247,277,hands_up
333,0,75,slide_step
333,76,116,bounce
333,117,210,step
333,211,246,twist
333,247,259,slide_step
333,260,275,step
334,0,75,slide_step
334,76,108,hands_up
334,109,202,step
334,203,208,bounce
334,209,221,slide_step
334,222,300,step
335,0,75,slide_step
335,76,89,bounce
335,90,183,step
335,184,199,cabbage_patch
335,200,212,slide_step
335,213,234,bounce
336,0,75,slide_step
336,76,91,bounce
336,92,185,step
336,186,276,bounce
336,277,289,slide_step
336,290,340,bounce
337,0,75,slide_step
337,76,180,step
337,181,196,hands_up
337,197,209,slide_step
337,210,215,bounce
338,0,75,slide_step
338,76,101,half_squat
338,102,195,step
338,196,284,slide_step
338,285,390,step
339,0,75,slide_step
339,76,175,step
339,176,191,hands_up
339,192,204,slide_step
339,205,230,bounce
340,0,75,slide_step
340,76,195,step
340,196,284,slide_step
340,285,315,bounce
341,0,75,slide_step
341,76,81,half_squat
341,82,175,step
341,176,184,bounce
341,185,197,slide_step
341,198,208,step
342,0,75,slide_step
342,76,144,bounce
342,145,238,step
342,239,279,twist
342,280,292,slide_step
342,293,313,half_squat
343,0,75,slide_step
343,76,82,half_squat
343,83,199,step
343,200,212,slide_step
343,213,223,bounce
344,0,75,slide_step
344,76,136,cabbage_patch
344,137,263,step
344,264,357,slide_step
345,0,75,slide_step
345,76,128,bounce
345,129,222,step
345,223,233,bounce
345,234,246,slide_step
345,247,275,cabbage_patch
346,0,75,slide_step
346,76,91,bounce
346,92,185,step
346,186,221,bounce
346,222,234,slide_step
346,235,245,half_squat
347,0,75,slide_step
347,76,136,half_squat
347,137,230,step
347,231,241,bounce
347,242,254,slide_step
347,255,302,bounce
348,0,75,slide_step
348,76,103,bounce
348,104,197,step
348,198,223,bounce
348,224,236,slide_step
348,237,252,step
349,0,108,slide_step
349,109,202,step
349,203,231,bounce
349,232,244,slide_step
349,245,255,bounce
350,0,75,slide_step
350,76,98,bounce
350,99,203,step
350,204,216,slide_step
350,217,262,cabbage_patch
351,0,75,slide_step
351,76,96,bounce
351,97,190,step
351,191,259,bounce
351,260,272,slide_step
351,273,292,bounce
352,0,75,slide_step
352,75,200,step
352,201,213,slide_step
353,0,90,slide_step
353,91,184,step
353,184,196,slide_step
354,0,75,slide_step
354,75,168,step
354,168,221,slide_step
355,0,75,slide_step
355,75,168,step
355,168,180,slide_step
355,181,224,bounce
356,0,75,slide_step
356,75,168,step
356,168,180,slide_step
356,181,204,twist
357,0,75,slide_step
357,76,180,step
357,181,228,slide_step
357,229,253,hands_up
358,0,75,slide_step
358,76,185,step
358,186,214,hands_up
358,215,227,slide_step
358,228,270,bounce
359,0,75,slide_step
359,76,91,twist
359,92,185,step
359,186,234,bounce
359,235,247,slide_step
359,248,262,step
360,0,75,slide_step
360,76,85,bounce
360,86,179,step
360,180,198,bounce
360,199,211,slide_step
360,212,232,cabbage_patch
361,0,75,slide_step
361,76,136,hands_up
361,137,255,step
361,256,268,slide_step
361,269,289,bounce
362,0,68,bounce
362,69,101,hands_up
362,102,148,step
362,149,169,twist
362,170,185,half_squat
362,186,236,step
362,237,256,bounce
362,257,287,cabbage_patch
362,288,304,twist
362,305,336,bounce
362,336,371,step
363,0,68,bounce
363,69,182,step
363,183,198,half_squat
363,199,234,bounce
363,234,250,twist
363,251,288,slide_step
363,289,309,bounce
363,310,378,step
363,379,425,bounce
364,0,68,bounce
364,69,89,twist
364,90,136,step
364,137,175,bounce
364,176,191,half_squat
364,192,258,bounce
364,259,289,cabbage_patch
364,290,306,twist
364,307,343,bounce
364,344,443,step
365,0,68,bounce
365,69,80,half_squat
365,81,127,step
365,128,138,bounce
365,139,154,half_squat
365,155,186,hands_up
365,187,206,bounce
365,206,222,twist
365,223,284,bounce
365,284,303,step
365,304,350,bounce
366,0,68,bounce
366,68,114,step
366,115,150,slide_step
366,151,166,half_squat
366,167,233,bounce
366,234,280,step
366,281,318,twist
366,319,339,bounce
366,339,359,step
366,360,371,half_squat
367,0,68,bounce
367,69,131,step
367,132,142,bounce
367,143,158,half_squat
367,159,186,bounce
367,187,246,hands_up
367,247,294,twist
367,295,315,bounce
367,316,343,cabbage_patch
367,344,363,step
367,364,392,bounce
368,0,68,bounce
368,69,130,step
368,131,161,hands_up
368,162,177,half_squat
368,178,223,bounce
368,224,279,step
368,280,296,twist
368,297,328,bounce
368,329,369,slide_step
368,370,389,step
368,390,398,bounce
369,0,68,bounce
369,68,114,step
369,115,140,bounce
369,141,156,half_squat
369,157,194,slide_step
369,195,214,bounce
369,215,243,step
369,244,260,twist
369,261,293,hands_up
369,294,314,bounce
369,315,345,cabbage_patch
369,346,381,step
370,0,68,bounce
370,69,194,step
370,195,227,hands_up
370,228,243,half_squat
370,244,284,slide_step
370,285,304,bounce
370,304,320,twist
370,321,380,bounce
370,380,400,step
370,401,406,bounce
371,0,68,bounce
371,68,114,step
371,115,130,slide_step
371,131,146,half_squat
371,147,162,cabbage_patch
371,163,182,bounce
371,183,190,step
371,191,207,twist
371,208,237,bounce
371,237,256,step
371,257,277,bounce
372,0,68,bounce
372,69,124,cabbage_patch
372,125,171,step
372,172,257,bounce
372,258,273,half_squat
372,274,394,bounce
372,395,470,slide_step
372,471,487,twist
372,488,513,step
372,514,534,bounce
372,535,575,twist
372,576,595,step
372,596,656,hands_up
373,0,68,bounce
373,68,114,step
373,115,130,cabbage_patch
373,131,146,half_squat
373,147,187,bounce
373,187,203,twist
373,204,214,step
373,215,235,bounce
373,236,283,step
373,284,289,bounce
374,0,68,bounce
374,68,114,step
374,115,135,bounce
374,136,151,half_squat
374,152,177,step
374,178,197,bounce
374,198,303,step
374,304,320,twist
374,321,376,cabbage_patch
374,377,397,bounce
374,398,453,step
374,454,504,bounce
375,0,68,bounce
375,68,114,step
375,115,135,bounce
375,136,151,half_squat
375,152,167,slide_step
375,168,187,bounce
375,188,198,step
375,199,215,twist
375,216,223,half_squat
375,224,244,bounce
375,245,290,step
375,291,299,bounce
376,0,68,bounce
376,69,129,hands_up
376,130,176,step
376,177,218,half_squat
376,219,324,step
376,325,344,bounce
376,344,360,twist
376,361,386,step
376,387,407,bounce
376,407,426,step
376,427,527,bounce
377,0,68,bounce
377,68,114,step
377,115,140,bounce
377,141,156,half_squat
377,157,177,hands_up
377,178,197,bounce
377,197,213,twist
377,214,224,step
377,225,245,bounce
377,245,264,step
377,265,273,cabbage_patch
378,0,68,bounce
378,69,89,half_squat
378,90,136,step
378,137,217,hands_up
378,218,233,half_squat
378,234,302,bounce
378,303,360,twist
378,361,450,bounce
378,450,570,step
379,0,68,bounce
379,68,114,step
379,115,135,slide_step
379,136,151,half_squat
379,152,162,twist
379,163,182,bounce
379,183,203,step
379,204,220,twist
379,221,262,bounce
379,263,294,step
379,295,316,bounce
380,0,68,bounce
380,69,109,twist
380,110,156,step
380,157,217,hands_up
380,218,342,half_squat
380,343,362,bounce
380,362,378,twist
380,379,462,step
380,463,483,bounce
380,483,503,step
380,504,604,bounce
381,0,68,bounce
381,68,114,step
381,115,125,bounce
381,126,141,half_squat
381,142,159,step
381,160,179,bounce
381,180,228,hands_up
381,229,245,twist
381,246,262,step
381,263,283,bounce
381,284,361,twist
381,362,382,step
381,383,429,bounce
382,0,68,bounce
382,69,104,hands_up
382,105,151,step
382,152,166,bounce
382,167,182,half_squat
382,183,246,step
382,247,266,bounce
382,267,275,step
382,276,292,twist
382,293,324,bounce
382,324,343,step
382,344,364,slide_step
383,0,68,bounce
383,69,132,step
383,133,151,twist
383,152,167,half_squat
383,168,235,bounce
383,235,251,twist
383,252,325,bounce
383,326,386,half_squat
383,387,406,step
383,407,424,bounce
384,0,68,bounce
384,69,165,step
384,166,181,half_squat
384,182,237,cabbage_patch
384,238,257,bounce
384,258,273,step
384,274,290,twist
384,291,339,bounce
384,339,358,step
384,359,384,bounce
385,0,68,bounce
385,68,114,step
385,115,143,bounce
385,144,159,half_squat
385,160,192,hands_up
385,193,212,bounce
385,213,286,step
385,287,303,twist
385,304,370,slide_step
385,371,391,bounce
385,391,411,step
385,412,444,slide_step
386,0,68,bounce
386,69,126,step
386,127,137,bounce
386,138,153,half_squat
386,154,199,cabbage_patch
386,200,219,bounce
386,219,235,twist
386,236,279,bounce
386,280,356,step
386,357,452,twist
387,0,68,bounce
387,69,81,slide_step
387,82,128,step
387,128,143,half_squat
387,144,219,slide_step
387,220,239,bounce
387,239,255,twist
387,256,349,step
387,350,370,bounce
387,370,389,step
388,0,68,bounce
388,68,114,step
388,114,129,half_squat
388,129,148,bounce
388,148,164,twist
388,164,184,bounce
388,184,236,step
389,0,68,bounce
389,68,114,step
389,114,129,half_squat
389,129,148,bounce
389,148,164,twist
389,164,184,bounce
389,185,199,slide_step
389,200,219,step
390,0,68,bounce
390,68,114,step
390,114,129,half_squat
390,129,148,bounce
390,148,164,twist
390,164,184,bounce
390,185,225,slide_step
390,226,245,step
391,0,68,bounce
391,68,114,step
391,114,129,half_squat
391,129,148,bounce
391,148,164,twist
391,164,184,bounce
391,184,203,step
391,204,247,bounce
392,0,68,bounce
392,68,114,step
392,114,129,half_squat
392,129,148,bounce
392,148,164,twist
392,164,184,bounce
392,185,208,twist
392,209,228,step
393,0,68,bounce
393,68,114,step
393,115,149,slide_step
393,150,165,half_squat
393,166,214,step
393,215,234,bounce
393,234,250,twist
393,251,275,hands_up
393,276,296,bounce
393,297,328,step
394,0,68,bounce
394,69,97,cabbage_patch
394,98,144,step
394,145,187,bounce
394,188,203,half_squat
394,204,221,slide_step
394,222,241,bounce
394,242,276,step
394,277,293,twist
394,294,325,bounce
394,325,360,step
395,0,68,bounce
395,69,84,twist
395,85,131,step
395,132,178,bounce
395,179,194,half_squat
395,195,209,step
395,210,229,bounce
395,229,245,twist
395,246,315,bounce
395,316,338,half_squat
395,339,358,step
395,359,379,bounce
396,0,68,bounce
396,69,136,step
396,137,155,bounce
396,156,171,half_squat
396,172,284,bounce
396,284,300,twist
396,301,354,step
396,355,375,bounce
396,376,386,half_squat
396,387,406,step
396,407,425,twist
397,0,68,bounce
397,68,114,step
397,115,135,bounce
397,136,151,half_squat
397,151,170,bounce
397,171,206,slide_step
397,207,223,twist
397,224,248,step
397,249,269,bounce
397,269,288,step
397,289,349,hands_up
398,0,47,step
399,0,31,step
399,32,62,cabbage_patch
400,0,47,step
401,0,82,step
402,0,31,step
402,32,54,bounce
403,0,82,step
404,0,31,step
404,32,40,bounce
405,0,60,step
406,0,31,step
406,32,64,hands_up
407,0,31,step
407,32,59,bounce
408,0,31,step
408,32,57,half_squat
409,0,31,step
409,32,52,bounce
410,0,31,step
410,32,122,bounce
411,0,57,step
412,0,67,step
413,0,31,step
413,32,40,cabbage_patch
414,0,31,step
414,32,100,bounce
415,0,31,step
415,32,47,hands_up
416,0,31,step
416,32,132,bounce
417,0,48,step
418,0,31,step
418,32,52,twist
419,0,31,step
419,32,84,bounce
420,0,47,step
421,0,31,step
421,32,60,bounce
422,0,31,step
422,32,78,cabbage_patch
423,0,125,step
424,0,31,step
424,32,48,twist
425,0,31,step
425,32,46,slide_step
426,0,31,step
426,32,72,slide_step
427,0,31,step
427,32,75,bounce
428,0,31,step
428,32,55,twist
429,0,31,step
429,32,40,bounce
430,0,66,step
431,0,31,step
431,32,47,twist
432,0,31,step
432,32,52,cabbage_patch
433,0,31,step
433,32,52,bounce
434,0,14,slide_step
434,15,47,hands_up
435,0,14,slide_step
435,15,47,hands_up
436,0,14,slide_step
436,15,47,hands_up
437,0,14,slide_step
437,15,30,bounce
438,0,50,slide_step
439,0,14,slide_step
439,15,22,bounce
440,0,14,slide_step
440,15,55,bounce
441,0,14,slide_step
441,15,65,step
442,0,14,slide_step
442,15,53,bounce
443,0,30,slide_step
444,0,14,slide_step
444,15,40,step
445,0,14,slide_step
445,15,23,bounce
446,0,14,slide_step
446,15,55,twist
447,0,30,slide_step
448,0,14,slide_step
448,15,35,bounce
449,0,14,slide_step
449,15,25,bounce
450,0,14,slide_step
450,15,35,bounce
451,0,14,slide_step
451,15,30,hands_up
452,0,14,slide_step
452,15,115,bounce
453,0,14,slide_step
453,15,32,step
454,0,14,slide_step
454,15,50,hands_up
455,0,14,slide_step
455,15,33,twist
456,0,14,slide_step
456,15,40,bounce
457,0,14,slide_step
457,15,25,bounce
458,0,14,slide_step
458,15,60,cabbage_patch
459,0,90,slide_step
460,0,14,slide_step
460,15,31,twist
461,0,14,slide_step
461,15,46,step
462,0,55,slide_step
463,0,14,slide_step
463,15,58,bounce
464,0,14,slide_step
464,15,38,twist
465,0,14,slide_step
465,15,23,bounce
466,0,14,slide_step
466,15,30,step
467,0,14,slide_step
467,15,35,bounce
468,0,14,slide_step
468,15,33,bounce
469,0,14,slide_step
469,15,70,bounce
470,0,40,slide_step
470,41,79,bounce
471,0,40,slide_step
471,41,87,bounce
472,0,40,slide_step
472,41,81,bounce
473,0,40,slide_step
473,41,66,bounce
474,0,40,slide_step
474,41,71,hands_up
475,0,40,slide_step
475,41,71,twist
476,0,40,slide_step
476,41,71,hands_up
477,0,40,slide_step
477,41,73,hands_up
478,0,40,slide_step
478,41,119,step
479,0,40,slide_step
479,41,66,step
480,0,40,slide_step
480,41,56,bounce
481,0,40,slide_step
481,41,56,cabbage_patch
482,0,116,slide_step
483,0,40,slide_step
483,41,49,bounce
484,0,40,slide_step
484,41,131,bounce
485,0,40,slide_step
485,41,46,bounce
486,0,40,slide_step
486,41,61,bounce
487,0,61,slide_step
488,0,40,slide_step
488,41,81,step
489,0,40,slide_step
489,41,57,step
490,0,40,slide_step
490,41,49,step
491,0,40,slide_step
491,41,91,step
492,0,40,slide_step
492,41,56,step
493,0,40,slide_step
493,41,51,bounce
494,0,40,slide_step
494,41,136,twist
495,0,40,slide_step
495,41,134,step
496,0,40,slide_step
496,41,56,half_squat
497,0,40,slide_step
497,41,72,step
498,0,55,slide_step
499,0,40,slide_step
499,41,84,bounce
500,0,40,slide_step
500,41,64,twist
501,0,40,slide_step
501,41,49,bounce
502,0,40,slide_step
502,41,56,step
503,0,40,slide_step
503,41,87,bounce
504,0,40,slide_step
504,41,133,bounce
505,0,40,slide_step
505,41,65,step
506,0,43,bounce
506,44,55,half_squat
507,0,43,bounce
507,44,74,cabbage_patch
508,0,43,bounce
508,44,64,twist
509,0,43,bounce
509,44,64,slide_step
510,0,43,bounce
510,44,74,hands_up
511,0,43,bounce
511,44,71,cabbage_patch
512,0,43,bounce
513,0,43,bounce
513,44,76,hands_up
514,0,43,bounce
514,44,84,slide_step
515,0,43,bounce
515,44,50,half_squat
516,0,43,bounce
517,0,43,bounce
517,44,49,step
518,0,43,bounce
519,0,43,bounce
519,44,59,hands_up
520,0,43,bounce
520,44,140,step
521,0,43,bounce
522,0,43,bounce
523,0,43,bounce
523,44,59,cabbage_patch
524,0,43,bounce
524,44,127,step
525,0,43,bounce
526,0,43,bounce
527,0,43,bounce
527,44,104,half_squat
528,0,43,bounce
528,44,59,step
529,0,43,bounce
529,44,110,slide_step
530,0,43,bounce
531,0,43,bounce
531,44,56,slide_step
532,0,43,bounce
532,44,60,twist
533,0,43,bounce
533,44,75,step
534,0,43,bounce
534,44,58,slide_step
535,0,43,bounce
535,44,84,slide_step
536,0,43,bounce
536,44,67,twist
537,0,43,bounce
538,0,43,bounce
538,44,72,hands_up
539,0,43,bounce
540,0,43,bounce
540,44,64,cabbage_patch
541,0,43,bounce
541,44,79,slide_step
542,0,23,twist
542,24,56,hands_up
543,0,23,twist
543,24,49,bounce
544,0,23,twist
544,24,39,step
545,0,23,twist
545,24,44,slide_step
546,0,23,twist
546,24,34,bounce
547,0,23,twist
547,24,52,bounce
548,0,79,twist
549,0,23,twist
549,24,54,cabbage_patch
550,0,23,twist
550,24,64,slide_step
551,0,23,twist
551,24,39,cabbage_patch
552,0,23,twist
552,24,79,cabbage_patch
553,0,23,twist
553,24,32,bounce
554,0,23,twist
554,24,114,bounce
555,0,23,twist
555,24,44,bounce
556,0,23,twist
556,24,59,step
557,0,23,twist
557,24,29,bounce
558,0,23,twist
558,24,64,bounce
559,0,23,twist
559,24,34,bounce
560,0,23,twist
560,24,112,step
561,0,23,twist
561,24,44,bounce
562,0,23,twist
562,24,36,bounce
563,0,23,twist
563,24,41,bounce
564,0,23,twist
564,24,94,step
565,0,23,twist
565,24,34,bounce
566,0,23,twist
566,24,79,step
567,0,23,twist
567,24,99,slide_step
568,0,40,twist
569,0,23,twist
569,24,55,step
570,0,23,twist
570,24,38,slide_step
571,0,23,twist
571,24,64,slide_step
572,0,23,twist
572,24,67,bounce
573,0,23,twist
573,24,48,hands_up
574,0,23,twist
574,24,34,bounce
575,0,23,twist
575,24,70,bounce
576,0,23,twist
576,24,77,step
577,0,23,twist
577,24,84,hands_up
578,0,10,step
578,11,22,half_squat
578,23,31,bounce
578,31,55,hands_up
578,56,110,bounce
578,111,143,hands_up
578,144,178,slide_step
578,179,204,bounce
578,205,253,step
578,254,284,cabbage_patch
579,0,10,step
579,11,28,bounce
579,28,52,hands_up
579,53,64,half_squat
579,65,72,bounce
579,73,93,twist
579,94,128,slide_step
579,129,154,bounce
579,155,203,step
579,204,236,hands_up
580,0,10,step
580,11,48,slide_step
580,49,57,bounce
580,58,88,cabbage_patch
580,89,113,hands_up
580,114,132,bounce
580,132,166,slide_step
580,167,187,twist
580,188,285,step
581,0,10,step
581,11,22,half_squat
581,23,31,bounce
581,31,55,hands_up
581,56,69,cabbage_patch
581,70,77,bounce
581,78,90,step
581,91,125,slide_step
581,126,157,hands_up
581,158,206,step
581,207,222,bounce
582,0,39,step
582,40,48,bounce
582,48,72,hands_up
582,73,119,step
582,120,127,bounce
582,128,171,step
582,172,206,slide_step
582,207,237,hands_up
582,238,287,step
582,288,328,bounce
583,0,57,step
583,58,66,bounce
583,66,90,hands_up
583,91,141,step
583,142,149,bounce
583,150,217,slide_step
583,218,277,hands_up
583,278,326,step
583,327,366,bounce
584,0,10,step
584,11,62,bounce
584,63,91,step
584,92,116,hands_up
584,117,163,step
584,164,171,bounce
584,171,205,slide_step
584,206,216,bounce
584,217,265,step
584,266,321,twist
585,0,61,step
585,62,70,bounce
585,70,94,hands_up
585,95,132,slide_step
585,133,140,bounce
585,141,189,step
585,190,224,slide_step
585,225,260,twist
585,261,325,step
586,0,10,step
586,11,25,bounce
586,26,83,hands_up
586,83,90,bounce
586,91,166,slide_step
586,167,295,step
586,296,334,bounce
587,0,10,step
587,11,40,bounce
587,40,64,hands_up
587,65,86,bounce
587,87,137,slide_step
587,138,164,bounce
587,165,240,step
588,0,46,step
588,47,55,bounce
588,55,140,hands_up
588,141,148,bounce
588,148,182,slide_step
588,183,268,bounce
588,269,317,step
588,318,368,bounce
589,0,10,step
589,11,40,bounce
589,41,81,hands_up
589,82,89,half_squat
589,90,97,bounce
589,98,148,slide_step
589,149,208,step
589,209,234,bounce
590,0,10,step
590,11,35,bounce
590,35,59,hands_up
590,60,153,bounce
590,154,189,step
590,190,224,slide_step
590,225,379,step
590,380,430,bounce
591,0,10,step
591,11,18,half_squat
591,19,27,bounce
591,27,51,hands_up
591,52,68,bounce
591,69,95,step
591,96,130,slide_step
591,131,151,bounce
591,152,201,step
591,202,207,bounce
592,0,10,step
592,11,40,bounce
592,41,76,step
592,77,101,hands_up
592,102,160,bounce
592,161,257,step
592,258,292,slide_step
592,293,378,bounce
592,379,533,step
593,0,10,step
593,11,35,bounce
593,35,59,hands_up
593,60,85,bounce
593,86,106,hands_up
593,107,141,slide_step
593,142,147,half_squat
593,148,196,step
593,197,202,bounce
594,0,10,step
594,11,68,bounce
594,69,108,slide_step
594,109,133,hands_up
594,134,154,half_squat
594,155,162,bounce
594,162,196,slide_step
594,197,229,bounce
594,230,279,step
594,280,360,hands_up
595,0,10,step
595,11,26,hands_up
595,27,35,bounce
595,36,44,step
595,45,69,hands_up
595,70,99,bounce
595,99,133,slide_step
595,134,227,step
596,0,10,step
596,11,52,bounce
596,52,76,hands_up
596,77,185,half_squat
596,186,193,bounce
596,194,277,step
596,278,312,slide_step
596,313,353,twist
596,354,403,step
596,404,464,cabbage_patch
597,0,10,step
597,11,88,twist
597,89,97,bounce
597,97,121,hands_up
597,122,150,bounce
597,150,184,slide_step
597,185,195,bounce
597,196,244,step
597,245,285,bounce
598,0,10,step
598,11,31,twist
598,32,40,bounce
598,40,64,hands_up
598,65,95,cabbage_patch
598,96,103,bounce
598,104,112,step
598,113,147,slide_step
598,148,160,bounce
598,161,209,step
598,210,230,slide_step
599,0,10,step
599,11,29,twist
599,30,38,bounce
599,38,62,hands_up
599,63,123,bounce
599,124,184,half_squat
599,185,219,slide_step
599,220,285,step
599,286,333,bounce
600,0,44,step
600,45,53,bounce
600,53,77,hands_up
600,78,93,step
600,94,101,bounce
600,102,157,cabbage_patch
600,158,192,slide_step
600,193,218,bounce
600,219,339,step
601,0,84,step
601,85,93,bounce
601,93,117,hands_up
601,118,184,slide_step
601,185,192,bounce
601,193,225,hands_up
601,226,260,slide_step
601,261,289,bounce
601,290,339,step
601,340,372,slide_step
602,0,10,step
602,11,106,twist
602,107,115,bounce
602,115,139,hands_up
602,140,185,cabbage_patch
602,186,193,bounce
602,193,227,slide_step
602,228,344,step
603,0,10,step
603,10,18,bounce
603,19,94,slide_step
603,95,119,hands_up
603,120,132,slide_step
603,133,140,bounce
603,140,174,slide_step
603,175,317,step
604,0,10,step
604,11,40,bounce
604,41,87,step
604,88,112,hands_up
604,113,140,bounce
604,141,156,half_squat
604,157,191,slide_step
604,192,260,bounce
604,261,309,step
604,310,326,twist
605,0,10,step
605,10,18,bounce
605,18,42,hands_up
605,42,49,bounce
605,49,83,slide_step
605,83,164,step
606,0,10,step
606,10,18,bounce
606,19,33,slide_step
606,34,58,hands_up
606,58,65,bounce
606,65,99,slide_step
606,99,147,step
607,0,10,step
607,10,18,bounce
607,19,59,slide_step
607,60,84,hands_up
607,84,91,bounce
607,91,125,slide_step
607,125,173,step
608,0,10,step
608,11,63,bounce
608,63,87,hands_up
608,87,94,bounce
608,94,128,slide_step
608,128,176,step
609,0,10,step
609,10,18,bounce
609,18,42,hands_up
609,43,66,twist
609,67,74,bounce
609,74,108,slide_step
609,108,156,step
610,0,10,step
610,11,28,slide_step
610,29,37,bounce
610,37,90,hands_up
610,91,98,bounce
610,99,133,step
610,134,168,slide_step
610,169,284,step
611,0,10,step
611,11,66,bounce
611,67,82,twist
611,83,107,hands_up
611,108,130,half_squat
611,131,138,bounce
611,138,172,slide_step
611,173,193,bounce
611,194,242,step
611,243,253,bounce
612,0,64,step
612,65,73,bounce
612,73,97,hands_up
612,98,118,cabbage_patch
612,119,126,bounce
612,126,160,slide_step
612,161,171,half_squat
612,172,220,step
612,221,239,bounce
613,0,10,step
613,11,75,bounce
613,76,161,hands_up
613,162,186,step
613,187,194,bounce
613,195,265,slide_step
613,266,286,bounce
613,287,335,step
614,0,34,step
614,35,107,bounce
614,107,122,step
614,123,169,bounce
614,170,198,cabbage_patch
614,198,240,bounce
614,241,302,hands_up
614,302,312,bounce
614,312,329,slide_step
614,330,429,step
614,430,441,half_squat
615,0,34,step
615,34,65,bounce
615,65,96,step
615,97,125,cabbage_patch
615,125,167,bounce
615,167,195,hands_up
615,196,216,twist
615,217,227,bounce
615,227,282,slide_step
615,283,333,step
616,0,34,step
616,34,65,bounce
616,66,96,cabbage_patch
616,97,112,step
616,113,128,bounce
616,129,157,cabbage_patch
616,158,169,half_squat
616,170,212,bounce
616,213,228,step
616,229,257,hands_up
616,258,286,step
616,287,297,bounce
616,297,314,slide_step
616,314,364,step
616,365,411,bounce
617,0,34,step
617,34,65,bounce
617,65,80,step
617,81,91,bounce
617,92,120,cabbage_patch
617,120,162,bounce
617,162,190,hands_up
617,191,242,bounce
617,243,254,half_squat
617,255,272,slide_step
617,273,293,twist
617,294,344,step
617,345,370,bounce
618,0,34,step
618,35,55,twist
618,56,87,bounce
618,87,102,step
618,103,113,bounce
618,114,142,cabbage_patch
618,143,186,step
618,187,229,bounce
618,230,265,slide_step
618,266,294,hands_up
618,295,316,bounce
618,316,333,slide_step
618,333,383,step
619,0,34,step
619,34,65,bounce
619,66,132,step
619,133,189,cabbage_patch
619,190,222,slide_step
619,223,265,bounce
619,265,293,hands_up
619,293,303,bounce
619,303,320,slide_step
619,321,360,bounce
619,361,411,step
619,412,419,bounce
620,0,63,step
620,64,95,bounce
620,95,110,step
620,111,151,bounce
620,152,180,cabbage_patch
620,180,222,bounce
620,222,281,hands_up
620,282,292,bounce
620,293,309,cabbage_patch
620,310,327,slide_step
620,328,338,bounce
620,339,389,step
620,390,415,bounce
621,0,50,step
621,51,82,bounce
621,82,97,step
621,97,125,cabbage_patch
621,126,209,bounce
621,210,240,cabbage_patch
621,241,269,hands_up
621,270,298,step
621,299,309,bounce
621,310,342,hands_up
621,343,360,slide_step
621,360,410,step
621,411,448,slide_step
622,0,113,step
622,114,145,bounce
622,145,160,step
622,160,188,cabbage_patch
622,189,221,hands_up
622,222,264,bounce
622,264,292,hands_up
622,292,302,bounce
622,302,360,slide_step
622,361,411,step
622,412,417,bounce
623,0,34,step
623,35,80,bounce
623,81,96,hands_up
623,97,123,step
623,124,152,cabbage_patch
623,153,201,bounce
623,202,227,step
623,228,256,hands_up
623,256,266,bounce
623,266,283,slide_step
623,284,310,bounce
623,311,361,step
624,0,34,step
624,35,75,twist
624,76,107,bounce
624,108,159,step
624,160,245,bounce
624,246,274,cabbage_patch
624,274,316,bounce
624,316,344,hands_up
624,344,354,bounce
624,354,371,slide_step
624,372,462,bounce
624,463,610,step
625,0,45,step
625,46,77,bounce
625,77,98,step
625,99,127,cabbage_patch
625,128,153,step
625,154,196,bounce
625,196,224,hands_up
625,224,234,bounce
625,234,251,slide_step
625,252,267,hands_up
625,268,318,step
626,0,34,step
626,35,167,bounce
626,167,182,step
626,183,258,slide_step
626,259,287,cabbage_patch
626,288,416,bounce
626,417,506,hands_up
626,506,516,bounce
626,516,533,slide_step
626,534,690,step
627,0,34,step
627,35,92,bounce
627,93,100,half_squat
627,101,116,step
627,117,132,bounce
627,133,161,cabbage_patch
627,162,187,step
627,188,230,bounce
627,230,258,hands_up
627,258,268,bounce
627,268,285,slide_step
627,286,342,step
628,0,70,step
628,71,102,bounce
628,102,143,step
628,144,172,cabbage_patch
628,172,214,bounce
628,214,242,hands_up
628,243,274,bounce
628,274,291,slide_step
628,292,382,bounce
628,383,433,step
629,0,34,step
629,34,65,bounce
629,66,75,slide_step
629,76,91,step
629,91,119,cabbage_patch
629,120,130,step
629,131,173,bounce
629,173,222,hands_up
629,223,233,bounce
629,233,250,slide_step
629,250,300,step
629,301,311,bounce
630,0,34,step
630,35,55,half_squat
630,56,87,bounce
630,87,102,step
630,103,183,hands_up
630,184,212,cabbage_patch
630,213,288,bounce
630,288,316,hands_up
630,316,326,bounce
630,327,367,step
630,368,385,slide_step
630,386,404,bounce
630,405,455,step
631,0,34,step
631,34,65,bounce
631,66,81,cabbage_patch
631,82,97,step
631,98,119,bounce
631,120,148,cabbage_patch
631,149,217,bounce
631,217,245,hands_up
631,246,268,step
631,269,279,bounce
631,279,296,slide_step
631,297,303,half_squat
631,304,354,step
631,355,375,bounce
632,0,34,step
632,35,107,bounce
632,107,122,step
632,123,212,cabbage_patch
632,212,254,bounce
632,254,282,hands_up
632,283,394,bounce
632,395,455,hands_up
632,456,473,slide_step
632,473,523,step
632,524,632,half_squat
633,0,34,step
633,35,107,bounce
633,107,166,step
633,167,195,cabbage_patch
633,196,213,step
633,214,256,bounce
633,256,284,hands_up
633,284,294,bounce
633,294,311,slide_step
633,311,361,step
633,362,410,hands_up
634,0,34,step
634,34,65,bounce
634,66,76,half_squat
634,77,92,step
634,93,107,bounce
634,108,136,cabbage_patch
634,136,178,bounce
634,179,242,step
634,243,271,hands_up
634,271,281,bounce
634,281,298,slide_step
634,299,358,step
634,359,369,bounce
635,0,34,step
635,34,65,bounce
635,65,80,step
635,81,128,bounce
635,129,157,cabbage_patch
635,158,176,twist
635,177,219,bounce
635,219,247,hands_up
635,248,276,bounce
635,277,293,step
635,294,311,slide_step
635,312,322,bounce
635,323,373,step
636,0,105,step
636,106,137,bounce
636,137,168,step
636,169,253,cabbage_patch
636,254,296,bounce
636,296,324,hands_up
636,325,358,step
636,359,369,bounce
636,369,386,slide_step
636,387,412,bounce
636,413,463,step
637,0,34,step
637,34,65,bounce
637,65,80,step
637,80,108,cabbage_patch
637,109,141,slide_step
637,142,184,bounce
637,184,212,hands_up
637,212,222,bounce
637,223,307,slide_step
637,308,432,step
637,433,465,hands_up
638,0,34,step
638,34,65,bounce
638,65,80,step
638,80,108,cabbage_patch
638,108,150,bounce
638,151,206,step
638,207,235,hands_up
638,236,331,twist
638,332,342,bounce
638,342,359,slide_step
638,360,421,step
638,422,467,cabbage_patch
639,0,34,step
639,34,65,bounce
639,66,78,slide_step
639,79,188,step
639,189,217,cabbage_patch
639,217,259,bounce
639,259,287,hands_up
639,288,363,slide_step
639,364,374,bounce
639,374,391,slide_step
639,391,441,step
640,0,34,step
640,34,65,bounce
640,65,80,step
640,81,97,twist
640,98,126,cabbage_patch
640,127,189,bounce
640,190,209,step
640,210,238,hands_up
640,239,254,half_squat
640,255,265,bounce
640,265,282,slide_step
640,282,332,step
640,333,401,bounce
641,0,34,step
641,34,65,bounce
641,65,80,step
641,80,108,cabbage_patch
641,108,150,bounce
641,150,178,hands_up
641,178,188,bounce
641,188,205,slide_step
641,205,287,step
642,0,34,step
642,34,65,bounce
642,65,80,step
642,81,95,slide_step
642,96,124,cabbage_patch
642,124,166,bounce
642,166,194,hands_up
642,194,204,bounce
642,204,221,slide_step
642,221,271,step
643,0,34,step
643,34,65,bounce
643,65,80,step
643,80,108,cabbage_patch
643,109,149,slide_step
643,150,192,bounce
643,192,220,hands_up
643,220,230,bounce
643,230,247,slide_step
643,247,297,step
644,0,34,step
644,34,65,bounce
644,65,80,step
644,80,108,cabbage_patch
644,108,150,bounce
644,150,178,hands_up
644,178,188,bounce
644,188,205,slide_step
644,205,255,step
644,256,299,bounce
645,0,34,step
645,34,65,bounce
645,65,80,step
645,81,104,twist
645,105,133,cabbage_patch
645,133,175,bounce
645,175,203,hands_up
645,203,213,bounce
645,213,230,slide_step
645,230,280,step
646,0,34,step
646,35,69,slide_step
646,70,101,bounce
646,102,128,step
646,129,153,hands_up
646,154,182,cabbage_patch
646,182,224,bounce
646,224,252,hands_up
646,253,271,bounce
646,272,320,step
646,321,338,slide_step
646,339,347,bounce
646,348,398,step
647,0,34,step
647,35,77,bounce
647,77,107,step
647,108,136,cabbage_patch
647,137,200,bounce
647,200,228,hands_up
647,228,238,bounce
647,238,255,slide_step
647,256,278,half_squat
647,279,329,step
648,0,34,step
648,35,55,cabbage_patch
648,56,87,bounce
648,87,102,step
648,103,121,twist
648,122,150,cabbage_patch
648,150,192,bounce
648,192,220,hands_up
648,221,250,bounce
648,250,267,slide_step
648,268,277,bounce
648,278,328,step
648,329,389,bounce
649,0,59,step
649,60,91,bounce
649,91,106,step
649,107,162,bounce
649,163,191,cabbage_patch
649,191,233,bounce
649,233,322,hands_up
649,323,333,bounce
649,333,350,slide_step
649,350,400,step
649,401,436,slide_step
650,0,48,bounce
650,49,114,step
650,115,202,bounce
650,202,224,half_squat
650,225,253,step
650,254,274,bounce
650,274,289,twist
650,290,326,bounce
651,0,48,bounce
651,49,114,step
651,115,170,bounce
651,171,201,cabbage_patch
651,202,224,half_squat
651,225,262,slide_step
651,263,283,bounce
651,284,295,half_squat
651,296,311,twist
651,312,348,bounce
652,0,48,bounce
652,48,62,step
652,63,118,bounce
652,118,140,half_squat
652,141,189,step
652,190,210,bounce
652,211,261,step
652,262,277,twist
652,278,310,hands_up
652,311,321,bounce
653,0,48,bounce
653,49,69,twist
653,70,97,step
653,98,144,bounce
653,144,166,half_squat
653,167,228,bounce
653,229,249,slide_step
653,250,265,twist
653,266,294,step
653,295,305,bounce
653,306,317,half_squat
654,0,48,bounce
654,49,60,half_squat
654,61,75,step
654,76,111,slide_step
654,112,158,bounce
654,159,187,step
654,188,210,half_squat
654,211,242,bounce
654,242,257,twist
654,258,309,bounce
654,310,340,cabbage_patch
655,0,48,bounce
655,49,79,twist
655,80,141,step
655,142,188,bounce
655,188,210,half_squat
655,211,261,step
655,262,282,bounce
655,282,297,twist
655,298,313,step
655,314,324,bounce
655,325,352,cabbage_patch
656,0,48,bounce
656,48,118,step
656,119,165,bounce
656,165,199,half_squat
656,200,220,bounce
656,221,249,step
656,250,265,twist
656,266,306,slide_step
656,307,317,bounce
656,318,348,hands_up
657,0,48,bounce
657,49,114,step
657,115,200,bounce
657,201,235,half_squat
657,236,265,bounce
657,266,298,hands_up
657,299,314,twist
657,315,330,step
657,331,341,bounce
658,0,48,bounce
658,49,142,step
658,142,188,bounce
658,188,210,half_squat
658,211,243,hands_up
658,244,264,bounce
658,265,305,slide_step
658,306,321,twist
658,322,371,bounce
659,0,48,bounce
659,49,64,slide_step
659,65,79,step
659,80,153,bounce
659,153,175,half_squat
659,176,205,bounce
659,206,216,step
659,217,232,twist
659,233,249,bounce
659,250,265,hands_up
660,0,48,bounce
660,48,62,step
660,63,210,bounce
660,211,259,half_squat
660,260,331,bounce
660,332,387,cabbage_patch
660,388,403,twist
660,404,500,step
660,501,511,bounce
660,512,537,step
661,0,48,bounce
661,49,64,slide_step
661,65,79,step
661,80,90,twist
661,91,137,bounce
661,137,159,half_squat
661,160,189,bounce
661,189,204,twist
661,205,210,step
661,211,221,bounce
662,0,48,bounce
662,48,98,step
662,99,145,bounce
662,145,167,half_squat
662,168,193,step
662,194,214,bounce
662,215,311,step
662,312,327,twist
662,328,433,step
662,434,444,bounce
663,0,48,bounce
663,49,64,hands_up
663,65,106,step
663,107,153,bounce
663,154,169,slide_step
663,170,192,half_squat
663,193,234,bounce
663,235,245,step
663,246,261,twist
663,262,278,bounce
664,0,48,bounce
664,49,160,step
664,161,186,half_squat
664,187,233,bounce
664,234,269,step
664,270,292,half_squat
664,293,344,bounce
664,345,400,cabbage_patch
664,401,416,twist
664,417,492,slide_step
664,493,503,bounce
664,504,544,twist
665,0,48,bounce
665,48,62,step
665,63,115,bounce
665,116,144,half_squat
665,145,174,bounce
665,175,200,step
665,201,216,twist
665,217,238,bounce
665,239,259,hands_up
666,0,48,bounce
666,48,62,step
666,63,103,twist
666,104,150,bounce
666,151,190,slide_step
666,191,213,half_squat
666,214,246,cabbage_patch
666,247,267,bounce
666,267,282,twist
666,283,312,bounce
667,0,48,bounce
667,49,72,step
667,73,88,cabbage_patch
667,89,135,bounce
667,136,156,step
667,157,179,half_squat
667,180,209,bounce
667,209,224,twist
667,225,245,slide_step
667,246,256,bounce
667,257,272,hands_up
668,0,48,bounce
668,49,147,step
668,148,208,cabbage_patch
668,209,255,bounce
668,256,296,step
668,297,319,half_squat
668,320,360,twist
668,361,381,bounce
668,382,442,hands_up
668,443,458,twist
668,459,550,bounce
669,0,48,bounce
669,49,81,step
669,82,175,bounce
669,176,204,cabbage_patch
669,205,227,half_squat
669,228,257,bounce
669,258,306,hands_up
669,307,322,twist
669,323,334,half_squat
669,335,345,bounce
669,346,423,twist
670,0,48,bounce
670,48,62,step
670,63,125,bounce
670,126,156,cabbage_patch
670,157,179,half_squat
670,180,200,twist
670,201,221,bounce
670,222,285,step
670,286,301,twist
670,302,312,half_squat
670,313,323,bounce
670,324,332,step
671,0,48,bounce
671,48,62,step
671,63,123,half_squat
671,124,170,bounce
671,171,187,step
671,188,210,half_squat
671,211,249,bounce
671,249,264,twist
671,265,315,step
671,316,326,bounce
671,327,345,twist
672,0,48,bounce
672,48,62,step
672,63,135,bounce
672,136,151,step
672,152,174,half_squat
672,175,190,step
672,191,211,bounce
672,212,245,step
672,246,261,twist
672,262,317,cabbage_patch
672,318,328,bounce
673,0,48,bounce
673,48,62,step
673,63,95,slide_step
673,96,142,bounce
673,143,209,slide_step
673,210,232,half_squat
673,233,264,bounce
673,265,338,step
673,339,354,twist
673,355,394,bounce
673,395,427,hands_up
674,0,48,bounce
674,49,144,twist
674,145,159,step
674,160,205,cabbage_patch
674,206,252,bounce
674,253,308,step
674,309,331,half_squat
674,332,363,bounce
674,363,378,twist
674,379,412,bounce
674,413,423,step
675,0,48,bounce
675,48,62,step
675,62,108,bounce
675,108,130,half_squat
675,131,143,slide_step
675,144,164,bounce
675,165,240,slide_step
675,241,256,twist
675,257,350,step
675,351,361,bounce
676,0,48,bounce
676,49,110,step
676,111,226,bounce
676,227,265,half_squat
676,266,282,twist
676,283,303,bounce
676,304,323,step
676,324,339,twist
676,340,370,bounce
677,0,48,bounce
677,48,94,step
677,95,141,bounce
677,141,163,half_squat
677,163,183,bounce
677,183,198,twist
677,198,208,bounce
678,0,48,bounce
678,48,62,step
678,62,108,bounce
678,108,130,half_squat
678,130,150,bounce
678,150,165,twist
678,165,175,bounce
678,176,190,slide_step
679,0,48,bounce
679,48,62,step
679,62,108,bounce
679,108,130,half_squat
679,131,171,slide_step
679,172,192,bounce
679,192,207,twist
679,207,217,bounce
680,0,48,bounce
680,48,62,step
680,62,108,bounce
680,108,130,half_squat
680,131,195,bounce
680,195,210,twist
680,210,220,bounce
681,0,48,bounce
681,48,62,step
681,62,108,bounce
681,108,130,half_squat
681,130,150,bounce
681,150,189,twist
681,190,200,bounce
682,0,48,bounce
682,49,73,hands_up
682,74,99,step
682,100,146,bounce
682,146,168,half_squat
682,169,198,bounce
682,199,247,step
682,248,263,twist
682,263,273,bounce
682,274,308,slide_step
683,0,48,bounce
683,48,78,step
683,79,125,bounce
683,126,143,slide_step
683,144,166,half_squat
683,167,198,bounce
683,199,227,cabbage_patch
683,228,243,twist
683,244,294,step
683,295,305,bounce
683,306,340,step
684,0,48,bounce
684,48,62,step
684,63,73,half_squat
684,74,120,bounce
684,121,174,step
684,175,197,half_squat
684,198,216,twist
684,217,237,bounce
684,237,252,twist
684,253,273,bounce
685,0,48,bounce
685,49,88,step
685,89,156,bounce
685,156,178,half_squat
685,179,239,hands_up
685,240,260,bounce
685,261,296,slide_step
685,297,312,twist
685,312,322,bounce
686,0,60,bounce
686,61,130,step
686,130,222,bounce
686,222,232,half_squat
686,232,250,bounce
686,250,268,twist
686,269,297,step
686,298,308,bounce
686,309,329,twist
686,330,383,step
686,383,407,bounce
686,407,458,cabbage_patch
686,459,468,bounce
687,0,60,bounce
687,61,110,step
687,110,202,bounce
687,202,212,half_squat
687,212,230,bounce
687,231,246,step
687,247,265,twist
687,265,275,bounce
687,275,328,step
687,328,352,bounce
687,352,372,cabbage_patch
687,372,381,bounce
688,0,60,bounce
688,61,132,step
688,133,272,bounce
688,272,282,half_squat
688,282,300,bounce
688,300,318,twist
688,319,370,bounce
688,370,423,step
688,423,447,bounce
688,447,467,cabbage_patch
688,467,476,bounce
688,477,505,step
689,0,60,bounce
689,61,72,half_squat
689,73,93,step
689,93,185,bounce
689,186,236,step
689,237,247,half_squat
689,247,265,bounce
689,265,283,twist
689,283,293,bounce
689,294,325,hands_up
689,326,379,step
689,380,415,bounce
689,415,435,cabbage_patch
689,435,444,bounce
690,0,60,bounce
690,61,81,twist
690,82,102,step
690,102,194,bounce
690,194,204,half_squat
690,204,222,bounce
690,222,240,twist
690,240,250,bounce
690,250,350,step
690,351,375,bounce
690,375,395,cabbage_patch
690,395,405,bounce
691,0,60,bounce
691,60,96,step
691,97,189,bounce
691,189,199,half_squat
691,199,217,bounce
691,217,235,twist
691,235,245,bounce
691,246,278,slide_step
691,279,332,step
691,332,356,bounce
691,356,376,cabbage_patch
691,376,385,bounce
692,0,60,bounce
692,60,80,step
692,80,172,bounce
692,172,194,half_squat
692,195,213,bounce
692,213,231,twist
692,231,241,bounce
692,241,294,step
692,295,360,bounce
692,361,407,step
692,408,428,cabbage_patch
692,428,437,bounce
693,0,60,bounce
693,61,93,hands_up
693,94,114,step
693,114,206,bounce
693,206,216,half_squat
693,216,234,bounce
693,234,252,twist
693,253,274,bounce
693,274,327,step
693,327,351,bounce
693,352,389,slide_step
693,390,410,cabbage_patch
693,410,419,bounce
694,0,60,bounce
694,60,80,step
694,80,172,bounce
694,172,182,half_squat
694,183,223,slide_step
694,224,242,bounce
694,242,260,twist
694,261,339,step
694,340,350,bounce
694,350,403,step
694,403,427,bounce
694,427,447,cabbage_patch
694,447,457,bounce
695,0,60,bounce
695,61,92,step
695,92,184,bounce
695,184,194,half_squat
695,194,212,bounce
695,212,230,twist
695,231,247,bounce
695,247,300,step
695,300,324,bounce
695,325,361,cabbage_patch
695,361,370,bounce
695,371,386,hands_up
696,0,60,bounce
696,60,80,step
696,80,172,bounce
696,172,182,half_squat
696,183,222,bounce
696,222,240,twist
696,240,250,bounce
696,250,303,step
696,303,327,bounce
696,327,347,cabbage_patch
696,348,443,bounce
696,444,499,cabbage_patch
697,0,60,bounce
697,61,87,step
697,87,179,bounce
697,179,189,half_squat
697,189,207,bounce
697,207,225,twist
697,226,241,hands_up
697,242,252,bounce
697,252,305,step
697,305,329,bounce
697,329,349,cabbage_patch
697,350,360,step
697,361,370,bounce
697,371,396,step
698,0,60,bounce
698,60,80,step
698,81,224,bounce
698,225,261,half_squat
698,261,279,bounce
698,279,297,twist
698,297,307,bounce
698,307,466,step
698,467,491,bounce
698,491,511,cabbage_patch
698,511,520,bounce
699,0,60,bounce
699,60,80,step
699,81,189,bounce
699,190,205,cabbage_patch
699,206,216,half_squat
699,217,243,step
699,244,262,bounce
699,262,280,twist
699,280,290,bounce
699,290,343,step
699,343,367,bounce
699,367,387,cabbage_patch
699,387,396,bounce
699,397,404,half_squat
700,0,60,bounce
700,60,80,step
700,80,172,bounce
700,172,182,half_squat
700,182,200,bounce
700,201,226,step
700,227,245,twist
700,245,255,bounce
700,255,308,step
700,308,332,bounce
700,332,352,cabbage_patch
700,353,378,half_squat
700,379,388,bounce
701,0,60,bounce
701,60,80,step
701,80,172,bounce
701,172,182,half_squat
701,183,214,bounce
701,214,243,twist
701,244,254,bounce
701,254,307,step
701,307,331,bounce
701,331,351,cabbage_patch
701,352,361,slide_step
701,362,371,bounce
702,0,60,bounce
702,60,80,step
702,80,172,bounce
702,172,182,half_squat
702,183,234,bounce
702,234,252,twist
702,252,262,bounce
702,263,283,half_squat
702,284,337,step
702,337,361,bounce
702,361,381,cabbage_patch
702,382,422,twist
702,423,432,bounce
703,0,60,bounce
703,61,76,hands_up
703,77,97,step
703,97,189,bounce
703,189,199,half_squat
703,200,222,step
703,223,241,bounce
703,241,259,twist
703,259,269,bounce
703,269,322,step
703,322,346,bounce
703,347,367,slide_step
703,368,388,cabbage_patch
703,388,397,bounce
704,0,60,bounce
704,61,165,step
704,165,257,bounce
704,257,267,half_squat
704,267,285,bounce
704,285,303,twist
704,303,313,bounce
704,313,366,step
704,367,432,bounce
704,432,452,cabbage_patch
704,452,462,bounce
705,0,60,bounce
705,61,98,step
705,98,190,bounce
705,191,208,step
705,209,219,half_squat
705,219,237,bounce
705,237,255,twist
705,255,265,bounce
705,266,277,half_squat
705,278,331,step
705,331,355,bounce
705,355,375,cabbage_patch
705,375,384,bounce
706,0,60,bounce
706,60,80,step
706,80,172,bounce
706,172,182,half_squat
706,182,200,bounce
706,200,218,twist
706,218,228,bounce
706,229,346,step
706,347,382,hands_up
706,383,407,bounce
706,407,427,cabbage_patch
706,427,436,bounce
707,0,60,bounce
707,60,80,step
707,81,221,bounce
707,221,231,half_squat
707,232,282,step
707,283,301,bounce
707,302,318,step
707,319,337,twist
707,337,347,bounce
707,347,400,step
707,400,424,bounce
707,424,444,cabbage_patch
707,444,453,bounce
708,0,60,bounce
708,60,80,step
708,80,172,bounce
708,172,182,half_squat
708,182,200,bounce
708,200,218,twist
708,219,255,bounce
708,256,343,step
708,343,367,bounce
708,367,387,cabbage_patch
708,387,397,bounce
709,0,60,bounce
709,61,127,slide_step
709,128,148,step
709,148,240,bounce
709,241,314,step
709,315,325,half_squat
709,325,343,bounce
709,343,361,twist
709,362,394,hands_up
709,395,405,bounce
709,405,458,step
709,458,482,bounce
709,482,502,cabbage_patch
709,502,512,bounce
710,0,60,bounce
710,60,80,step
710,80,172,bounce
710,172,182,half_squat
710,183,278,twist
710,279,297,bounce
710,297,315,twist
710,315,325,bounce
710,326,371,cabbage_patch
710,372,425,step
710,426,473,bounce
710,473,493,cabbage_patch
710,493,502,bounce
711,0,60,bounce
711,61,136,slide_step
711,137,157,step
711,157,249,bounce
711,249,259,half_squat
711,260,353,step
711,354,372,bounce
711,372,390,twist
711,390,400,bounce
711,400,453,step
711,454,466,slide_step
711,467,491,bounce
711,491,511,cabbage_patch
711,511,520,bounce
712,0,60,bounce
712,60,80,step
712,80,172,bounce
712,173,192,step
712,193,219,half_squat
712,220,238,bounce
712,238,256,twist
712,257,336,bounce
712,337,437,step
712,437,461,bounce
712,461,481,cabbage_patch
712,481,491,bounce
713,0,60,bounce
713,60,80,step
713,80,172,bounce
713,172,182,half_squat
713,183,214,step
713,215,233,bounce
713,233,251,twist
713,251,261,bounce
713,261,314,step
713,314,338,bounce
713,338,358,cabbage_patch
713,358,368,bounce
714,0,60,bounce
714,60,80,step
714,80,172,bounce
714,172,182,half_squat
714,182,200,bounce
714,200,218,twist
714,218,228,bounce
714,229,243,slide_step
714,244,297,step
714,297,321,bounce
714,321,341,cabbage_patch
714,341,350,bounce
715,0,60,bounce
715,60,80,step
715,80,172,bounce
715,172,182,half_squat
715,182,200,bounce
715,201,241,slide_step
715,242,260,twist
715,260,270,bounce
715,270,323,step
715,323,347,bounce
715,347,367,cabbage_patch
715,367,376,bounce
716,0,60,bounce
716,60,80,step
716,80,172,bounce
716,172,182,half_squat
716,183,245,bounce
716,245,263,twist
716,263,273,bounce
716,273,326,step
716,326,350,bounce
716,350,370,cabbage_patch
716,370,379,bounce
717,0,60,bounce
717,60,80,step
717,80,172,bounce
717,172,182,half_squat
717,182,200,bounce
717,201,243,twist
717,243,253,bounce
717,253,306,step
717,306,330,bounce
717,330,350,cabbage_patch
717,350,359,bounce
718,0,60,bounce
718,60,80,step
718,80,172,bounce
718,172,182,half_squat
718,183,193,step
718,194,212,bounce
718,213,261,step
718,262,280,twist
718,280,290,bounce
718,290,343,step
718,343,367,bounce
718,367,387,cabbage_patch
718,387,397,bounce
719,0,60,bounce
719,60,80,step
719,80,172,bounce
719,172,182,half_squat
719,183,244,bounce
719,244,262,twist
719,262,272,bounce
719,273,342,step
719,342,366,bounce
719,367,417,step
719,418,438,cabbage_patch
719,438,447,bounce
720,0,60,bounce
720,60,80,step
720,80,172,bounce
720,172,182,half_squat
720,183,198,twist
720,199,217,bounce
720,217,235,twist
720,235,245,bounce
720,245,298,step
720,298,322,bounce
720,322,342,cabbage_patch
720,343,357,step
720,358,367,bounce
721,0,60,bounce
721,61,121,hands_up
721,122,142,step
721,143,291,bounce
721,292,316,step
721,317,327,half_squat
721,327,345,bounce
721,345,363,twist
721,363,373,bounce
721,373,426,step
721,426,450,bounce
721,450,470,cabbage_patch
721,470,479,bounce
722,0,55,bounce
722,55,115,hands_up
722,116,177,bounce
722,177,212,slide_step
722,213,224,half_squat
722,225,249,step
722,250,258,bounce
723,0,55,bounce
723,55,115,hands_up
723,116,164,step
723,165,185,bounce
723,185,220,slide_step
723,221,296,step
723,297,317,twist
724,0,55,bounce
724,55,115,hands_up
724,116,146,cabbage_patch
724,147,167,bounce
724,168,218,step
724,219,254,slide_step
724,255,280,bounce
724,281,305,step
724,306,344,bounce
725,0,55,bounce
725,56,67,half_squat
725,68,128,hands_up
725,129,141,step
725,142,162,bounce
725,162,197,slide_step
725,198,218,twist
725,219,294,step
726,0,55,bounce
726,56,147,hands_up
726,148,159,half_squat
726,160,180,bounce
726,180,215,slide_step
726,216,246,cabbage_patch
726,247,300,step
727,0,55,bounce
727,55,115,hands_up
727,116,143,cabbage_patch
727,144,164,bounce
727,165,233,slide_step
727,234,274,step
727,275,305,twist
728,0,55,bounce
728,56,147,hands_up
728,148,203,step
728,204,224,bounce
728,225,280,twist
728,281,316,slide_step
728,317,388,step
728,389,414,bounce
729,0,55,bounce
729,55,115,hands_up
729,116,147,bounce
729,148,163,step
729,164,199,slide_step
729,200,275,step
729,276,287,half_squat
730,0,55,bounce
730,56,96,slide_step
730,97,157,hands_up
730,158,217,bounce
730,217,252,slide_step
730,253,285,hands_up
730,286,389,step
731,0,55,bounce
731,55,115,hands_up
731,116,145,bounce
731,145,180,slide_step
731,181,191,twist
731,192,242,step
732,0,55,bounce
732,56,177,hands_up
732,178,229,bounce
732,230,255,step
732,256,291,slide_step
732,292,377,bounce
732,378,402,step
732,403,493,bounce
733,0,55,bounce
733,56,132,hands_up
733,133,169,bounce
733,170,195,step
733,196,231,slide_step
733,232,240,bounce
733,241,271,step
734,0,55,bounce
734,55,115,hands_up
734,116,237,bounce
734,237,272,slide_step
734,273,288,bounce
734,289,419,step
735,0,55,bounce
735,56,71,slide_step
735,72,148,hands_up
735,149,169,bounce
735,170,180,step
735,181,216,slide_step
735,217,225,bounce
735,226,250,step
735,251,271,bounce
736,0,55,bounce
736,56,177,hands_up
736,178,219,bounce
736,220,331,slide_step
736,332,382,bounce
736,383,513,step
737,0,55,bounce
737,56,137,hands_up
737,138,174,bounce
737,175,180,half_squat
737,181,216,slide_step
737,217,227,twist
737,228,252,step
737,253,258,bounce
738,0,55,bounce
738,56,96,step
738,97,157,hands_up
738,158,197,bounce
738,198,273,slide_step
738,274,374,bounce
738,375,399,step
738,400,432,bounce
739,0,55,bounce
739,56,66,step
739,67,127,hands_up
739,128,150,step
739,151,171,bounce
739,172,182,twist
739,183,218,slide_step
739,219,234,cabbage_patch
739,235,280,step
740,0,55,bounce
740,55,115,hands_up
740,116,224,half_squat
740,225,245,bounce
740,245,280,slide_step
740,281,321,twist
740,322,346,step
740,347,363,bounce
741,0,55,bounce
741,56,99,step
741,100,160,hands_up
741,161,228,bounce
741,229,257,cabbage_patch
741,258,293,slide_step
741,294,304,bounce
741,305,329,step
741,330,350,bounce
742,0,55,bounce
742,56,76,slide_step
742,77,137,hands_up
742,138,201,step
742,202,222,bounce
742,223,231,step
742,232,267,slide_step
742,268,282,bounce
742,283,307,step
742,308,343,bounce
743,0,55,bounce
743,55,115,hands_up
743,116,176,half_squat
743,177,197,bounce
743,197,232,slide_step
743,233,250,bounce
743,251,326,step
744,0,55,bounce
744,56,111,cabbage_patch
744,112,172,hands_up
744,173,243,step
744,244,264,bounce
744,265,280,step
744,281,316,slide_step
744,317,342,bounce
744,343,367,step
744,368,395,bounce
745,0,55,bounce
745,56,122,slide_step
745,123,183,hands_up
745,184,215,bounce
745,216,248,hands_up
745,249,284,slide_step
745,285,313,bounce
745,314,412,step
746,0,55,bounce
746,55,115,hands_up
746,116,211,twist
746,212,232,bounce
746,233,278,cabbage_patch
746,279,314,slide_step
746,315,395,step
746,396,406,bounce
747,0,55,bounce
747,56,149,step
747,150,210,hands_up
747,210,230,bounce
747,231,355,slide_step
747,356,380,step
748,0,55,bounce
748,56,71,half_squat
748,72,132,hands_up
748,133,174,bounce
748,174,209,slide_step
748,210,229,bounce
748,230,274,step
749,0,55,bounce
749,55,115,hands_up
749,115,135,bounce
749,135,170,slide_step
749,170,226,step
750,0,55,bounce
750,55,115,hands_up
750,115,135,bounce
750,136,186,slide_step
750,186,210,step
751,0,55,bounce
751,55,115,hands_up
751,115,135,bounce
751,136,212,slide_step
751,212,236,step
752,0,55,bounce
752,55,115,hands_up
752,115,135,bounce
752,135,170,slide_step
752,170,194,step
752,195,238,bounce
753,0,55,bounce
753,55,115,hands_up
753,115,135,bounce
753,135,170,slide_step
753,170,194,step
753,195,218,twist
754,0,55,bounce
754,56,90,slide_step
754,91,151,hands_up
754,152,162,step
754,163,183,bounce
754,184,232,step
754,233,268,slide_step
754,269,293,hands_up
754,294,318,step
754,319,326,bounce
755,0,55,bounce
755,55,115,hands_up
755,116,131,step
755,132,152,bounce
755,153,206,slide_step
755,207,249,bounce
755,250,274,step
755,275,303,hands_up
756,0,55,bounce
756,56,78,half_squat
756,79,139,hands_up
756,140,207,bounce
756,207,242,slide_step
756,243,263,bounce
756,264,288,step
756,289,304,twist
757,0,55,bounce
757,55,115,hands_up
757,116,146,bounce
757,146,181,slide_step
757,182,200,bounce
757,201,225,step
757,226,286,bounce
758,0,50,bounce
758,50,68,step
758,69,134,bounce
758,134,156,half_squat
758,157,210,bounce
758,211,218,half_squat
758,219,239,step
758,239,289,bounce
759,0,50,bounce
759,50,68,step
759,68,115,bounce
759,115,137,half_squat
759,137,180,bounce
759,180,200,step
759,201,231,hands_up
759,232,282,bounce
760,0,50,bounce
760,50,68,step
760,68,115,bounce
760,115,137,half_squat
760,137,180,bounce
760,180,234,step
760,235,285,bounce
761,0,50,bounce
761,51,92,step
761,92,139,bounce
761,139,161,half_squat
761,161,204,bounce
761,204,224,step
761,225,238,cabbage_patch
761,239,289,bounce
762,0,50,bounce
762,51,90,step
762,90,137,bounce
762,137,159,half_squat
762,160,215,bounce
762,215,235,step
762,235,285,bounce
763,0,30,bounce
763,30,56,twist
763,56,65,bounce
763,65,100,step
763,100,125,bounce
763,125,150,step
763,150,205,cabbage_patch
763,205,240,bounce
763,241,309,hands_up
763,309,317,bounce
763,317,357,slide_step
763,357,378,step
764,0,30,bounce
764,30,56,twist
764,56,65,bounce
764,65,100,step
764,100,125,bounce
764,126,139,cabbage_patch
764,140,165,step
764,165,220,cabbage_patch
764,220,255,bounce
764,255,292,hands_up
764,292,300,bounce
764,300,340,slide_step
764,340,384,step
765,0,30,bounce
765,30,56,twist
765,56,65,bounce
765,65,121,step
765,122,147,bounce
765,147,172,step
765,172,227,cabbage_patch
765,227,262,bounce
765,262,299,hands_up
765,299,307,bounce
765,307,347,slide_step
765,347,368,step
766,0,30,bounce
766,31,51,slide_step
766,52,78,twist
766,78,87,bounce
766,87,122,step
766,122,147,bounce
766,147,172,step
766,172,227,cabbage_patch
766,227,262,bounce
766,262,299,hands_up
766,299,307,bounce
766,307,347,slide_step
766,347,369,step
767,0,20,half_squat
767,21,50,bounce
767,50,71,twist
767,71,86,bounce
767,86,157,step
767,157,183,bounce
767,183,205,cabbage_patch
767,205,257,bounce
767,257,331,hands_up
767,332,339,half_squat
767,340,350,bounce
767,350,368,slide_step
768,0,20,half_squat
768,20,39,bounce
768,39,60,twist
768,60,75,bounce
768,75,146,step
768,146,172,bounce
768,172,194,cabbage_patch
768,194,246,bounce
768,247,352,hands_up
768,352,362,bounce
768,362,380,slide_step
769,0,20,half_squat
769,20,39,bounce
769,39,60,twist
769,61,94,step
769,95,110,bounce
769,110,181,step
769,181,207,bounce
769,207,229,cabbage_patch
769,229,281,bounce
769,281,355,hands_up
769,355,365,bounce
769,365,383,slide_step
770,0,20,half_squat
770,21,52,bounce
770,53,73,step
770,74,95,twist
770,95,110,bounce
770,110,181,step
770,181,207,bounce
770,207,229,cabbage_patch
770,229,281,bounce
770,281,355,hands_up
770,355,365,bounce
770,365,383,slide_step
771,0,60,bounce
771,61,68,half_squat
771,69,83,step
771,83,129,bounce
771,129,139,half_squat
771,140,178,bounce
771,178,193,twist
771,194,214,bounce
771,214,267,step
771,267,289,bounce
772,0,60,bounce
772,60,74,step
772,74,120,bounce
772,120,130,half_squat
772,130,150,bounce
772,150,165,twist
772,165,175,bounce
772,175,228,step
772,229,259,hands_up
772,260,282,bounce
773,0,60,bounce
773,60,74,step
773,74,120,bounce
773,120,130,half_squat
773,130,150,bounce
773,151,184,step
773,185,200,twist
773,200,210,bounce
773,210,263,step
773,263,285,bounce
774,0,60,bounce
774,60,74,step
774,74,120,bounce
774,120,130,half_squat
774,130,150,bounce
774,151,173,step
774,174,189,twist
774,189,199,bounce
774,200,213,cabbage_patch
774,214,267,step
774,267,289,bounce
775,0,60,bounce
775,60,74,step
775,74,120,bounce
775,120,130,half_squat
775,130,150,bounce
775,151,171,step
775,172,187,twist
775,187,197,bounce
775,197,250,step
775,250,272,bounce
776,0,60,bounce
776,60,74,step
776,74,120,bounce
776,120,130,half_squat
776,130,150,bounce
776,150,165,twist
776,166,186,slide_step
776,187,197,bounce
776,197,250,step
776,250,272,bounce
777,0,15,step
777,15,43,cabbage_patch
777,43,61,bounce
777,61,70,hands_up
777,70,90,bounce
777,90,127,hands_up
777,127,135,bounce
777,136,143,half_squat
777,144,181,slide_step
777,181,226,step
778,0,15,step
778,15,43,cabbage_patch
778,43,61,bounce
778,61,70,hands_up
778,70,90,bounce
778,90,158,hands_up
778,159,167,bounce
778,167,204,slide_step
778,204,249,step
779,0,15,step
779,15,43,cabbage_patch
779,43,61,bounce
779,61,70,hands_up
779,70,90,bounce
779,90,127,hands_up
779,127,135,bounce
779,136,169,step
779,170,207,slide_step
779,207,252,step
780,0,15,step
780,15,43,cabbage_patch
780,43,61,bounce
780,61,70,hands_up
780,70,90,bounce
780,91,113,step
780,114,151,hands_up
780,151,159,bounce
780,159,196,slide_step
780,196,241,step
780,242,255,cabbage_patch
781,0,15,step
781,15,43,cabbage_patch
781,43,61,bounce
781,61,70,hands_up
781,70,90,bounce
781,90,127,hands_up
781,127,135,bounce
781,135,172,slide_step
781,173,184,bounce
781,185,251,step
782,0,15,step
782,15,43,cabbage_patch
782,43,61,bounce
782,61,70,hands_up
782,70,90,bounce
782,91,111,slide_step
782,112,149,hands_up
782,149,157,bounce
782,157,194,slide_step
782,194,239,step
783,0,55,bounce
783,55,70,step
783,70,114,bounce
783,114,125,half_squat
783,125,140,bounce
783,140,160,twist
783,160,170,bounce
783,170,223,step
783,223,247,bounce
783,247,260,step
783,260,290,cabbage_patch
783,290,336,bounce
783,336,373,hands_up
783,373,382,bounce
783,382,420,slide_step
783,420,467,step
784,0,55,bounce
784,55,70,step
784,70,114,bounce
784,114,125,half_squat
784,125,140,bounce
784,140,160,twist
784,160,170,bounce
784,170,223,step
784,223,247,bounce
784,247,260,step
784,260,290,cabbage_patch
784,290,336,bounce
784,336,373,hands_up
784,373,382,bounce
784,382,420,slide_step
784,420,467,step
785,0,55,bounce
785,55,70,step
785,70,114,bounce
785,114,125,half_squat
785,125,140,bounce
785,140,160,twist
785,160,170,bounce
785,170,223,step
785,223,247,bounce
785,247,260,step
785,260,290,cabbage_patch
785,290,336,bounce
785,336,373,hands_up
785,373,382,bounce
785,382,420,slide_step
785,420,467,step
786,0,55,bounce
786,55,70,step
786,70,114,bounce
786,114,125,half_squat
786,125,140,bounce
786,140,160,twist
786,160,170,bounce
786,170,223,step
786,223,247,bounce
786,247,260,step
786,260,290,cabbage_patch
786,290,336,bounce
786,336,373,hands_up
786,373,382,bounce
786,382,420,slide_step
786,420,467,step
787,0,55,bounce
787,55,70,step
787,70,114,bounce
787,114,125,half_squat
787,125,140,bounce
787,140,160,twist
787,160,170,bounce
787,170,223,step
787,223,247,bounce
787,247,260,step
787,260,290,cabbage_patch
787,290,336,bounce
787,336,373,hands_up
787,373,382,bounce
787,382,420,slide_step
787,420,467,step
788,0,55,bounce
788,55,70,step
788,70,114,bounce
788,114,125,half_squat
788,125,140,bounce
788,140,160,twist
788,160,170,bounce
788,170,223,step
788,223,247,bounce
788,247,260,step
788,260,290,cabbage_patch
788,290,336,bounce
788,336,373,hands_up
788,373,382,bounce
788,382,420,slide_step
788,420,467,step
789,0,22,hands_up
789,23,43,cabbage_patch
789,44,80,bounce
790,0,22,hands_up
790,23,59,bounce
790,60,80,cabbage_patch
791,0,20,cabbage_patch
791,21,43,hands_up
791,44,80,bounce
792,0,20,cabbage_patch
792,21,43,hands_up
792,44,83,slide_step
793,0,22,hands_up
793,23,43,cabbage_patch
793,44,85,bounce
794,0,22,hands_up
794,23,64,bounce
794,65,85,cabbage_patch
795,0,20,cabbage_patch
795,21,43,hands_up
795,44,85,bounce
796,0,22,hands_up
796,23,59,bounce
796,60,99,slide_step
797,0,35,bounce
797,36,59,hands_up
797,60,99,slide_step
798,0,22,hands_up
798,23,101,bounce
799,0,35,bounce
799,36,59,hands_up
799,60,101,bounce
800,0,22,hands_up
800,23,62,slide_step
800,63,104,bounce
801,0,22,hands_up
801,23,64,bounce
801,65,104,slide_step
802,0,39,slide_step
802,40,62,hands_up
802,63,104,bounce
803,0,20,cabbage_patch
803,21,56,bounce
803,57,96,slide_step
804,0,20,cabbage_patch
804,21,60,slide_step
804,61,96,bounce
805,0,20,cabbage_patch
805,21,98,bounce
806,0,35,bounce
806,36,56,cabbage_patch
806,57,98,bounce
807,0,20,cabbage_patch
807,21,60,slide_step
807,61,102,bounce
808,0,20,cabbage_patch
808,21,62,bounce
808,63,102,slide_step
809,0,39,slide_step
809,40,60,cabbage_patch
809,61,102,bounce
810,0,35,bounce
810,36,75,slide_step
810,76,117,bounce
811,0,77,bounce
811,78,117,slide_step
812,0,39,slide_step
812,40,117,bounce
813,0,22,hands_up
813,23,43,cabbage_patch
813,44,80,bounce
813,81,120,slide_step
814,0,22,hands_up
814,23,59,bounce
814,60,80,cabbage_patch
814,81,120,slide_step
815,0,22,hands_up
815,23,43,cabbage_patch
815,44,122,bounce
816,0,22,hands_up
816,23,59,bounce
816,60,80,cabbage_patch
816,81,122,bounce
817,0,22,hands_up
817,23,43,cabbage_patch
817,44,83,slide_step
817,84,125,bounce
818,0,22,hands_up
818,23,43,cabbage_patch
818,44,85,bounce
818,86,125,slide_step
819,0,22,hands_up
819,23,59,bounce
819,60,99,slide_step
819,100,141,bounce
820,0,22,hands_up
820,23,101,bounce
820,102,141,slide_step
821,0,20,cabbage_patch
821,21,98,bounce
821,99,138,slide_step
822,0,20,cabbage_patch
822,21,60,slide_step
822,61,138,bounce
823,0,22,hands_up
823,23,43,cabbage_patch
823,44,80,bounce
823,81,120,slide_step
823,121,162,bounce
824,0,22,hands_up
824,23,43,cabbage_patch
824,44,122,bounce
824,123,162,slide_step
825,0,22,hands_up
825,23,43,cabbage_patch
825,44,83,slide_step
825,84,162,bounce
826,0,33,bounce
826,34,68,step
826,69,99,hands_up
827,0,30,hands_up
827,31,65,bounce
827,66,99,step
828,0,33,bounce
828,34,65,hands_up
828,66,101,step
829,0,33,bounce
829,34,70,step
829,71,101,hands_up
830,0,30,hands_up
830,31,65,bounce
830,66,101,step
831,0,33,bounce
831,34,65,hands_up
831,66,97,step
832,0,30,hands_up
832,31,65,bounce
832,66,97,step
833,0,33,bounce
833,34,65,hands_up
833,66,87,slide_step
834,0,33,bounce
834,34,55,slide_step
834,56,87,hands_up
835,0,30,hands_up
835,31,65,bounce
835,66,87,slide_step
836,0,33,bounce
836,34,104,step
837,0,33,bounce
837,34,104,step
838,0,33,bounce
838,34,100,step
839,0,33,bounce
839,34,100,step
840,0,33,step
840,34,68,bounce
840,69,100,step
841,0,33,bounce
841,34,68,step
841,69,89,slide_step
842,0,33,bounce
842,34,55,slide_step
842,56,89,step
843,0,33,step
843,34,68,bounce
843,69,89,slide_step
844,0,33,bounce
844,34,102,step
845,0,33,bounce
845,34,102,step
846,0,35,step
846,36,70,bounce
846,71,102,step
847,0,33,bounce
847,34,70,step
847,71,92,slide_step
848,0,33,bounce
848,34,55,slide_step
848,56,92,step
849,0,33,bounce
849,34,66,step
849,67,88,slide_step
850,0,33,bounce
850,34,55,slide_step
850,56,88,step
851,0,31,step
851,32,66,bounce
851,67,88,slide_step
852,0,30,hands_up
852,31,101,step
853,0,30,hands_up
853,31,101,step
854,0,33,step
854,34,64,hands_up
854,65,101,step
855,0,30,hands_up
855,31,97,step
856,0,30,hands_up
856,31,97,step
857,0,30,hands_up
857,31,64,step
857,65,86,slide_step
858,0,30,hands_up
858,31,52,slide_step
858,53,86,step
859,0,33,step
859,34,64,hands_up
859,65,86,slide_step
860,0,30,hands_up
860,31,99,step
861,0,35,step
861,36,66,hands_up
861,67,99,step
862,0,30,hands_up
862,31,66,step
862,67,88,slide_step
863,0,30,hands_up
863,31,52,slide_step
863,53,88,step
864,0,35,step
864,36,66,hands_up
864,67,88,slide_step
865,0,30,hands_up
865,31,62,step
865,63,84,slide_step
866,0,30,hands_up
866,31,52,slide_step
866,53,84,step
867,0,31,step
867,32,62,hands_up
867,63,84,slide_step
868,0,102,step
869,0,102,step
870,0,69,step
870,70,91,slide_step
871,0,33,step
871,34,55,slide_step
871,56,91,step
872,0,65,step
872,66,87,slide_step
873,0,65,step
873,66,87,slide_step
874,0,67,step
874,68,89,slide_step
875,0,35,step
875,36,57,slide_step
875,58,89,step
876,0,67,step
876,68,89,slide_step
877,0,33,bounce
877,34,65,hands_up
877,66,135,step
878,0,33,bounce
878,34,65,hands_up
878,66,135,step
879,0,33,bounce
879,34,68,step
879,69,99,hands_up
879,100,135,step
880,0,33,bounce
880,34,65,hands_up
880,66,131,step
881,0,33,bounce
881,34,65,hands_up
881,66,131,step
882,0,33,bounce
882,34,68,step
882,69,99,hands_up
882,100,131,step
883,0,33,bounce
883,34,65,hands_up
883,66,99,step
883,100,121,slide_step
884,0,33,bounce
884,34,68,step
884,69,99,hands_up
884,100,121,slide_step
885,0,33,bounce
885,34,65,hands_up
885,66,133,step
886,0,33,bounce
886,34,65,hands_up
886,66,133,step
887,0,33,bounce
887,34,70,step
887,71,101,hands_up
887,102,133,step
888,0,33,bounce
888,34,65,hands_up
888,66,101,step
888,102,123,slide_step
889,0,33,bounce
889,34,70,step
889,71,101,hands_up
889,102,123,slide_step
890,0,33,bounce
890,34,65,hands_up
890,66,97,step
890,98,119,slide_step
891,0,33,bounce
891,34,66,step
891,67,97,hands_up
891,98,119,slide_step
892,0,33,bounce
892,34,136,step
893,0,33,bounce
893,34,136,step
894,0,33,bounce
894,34,104,step
894,105,126,slide_step
895,0,33,bounce
895,34,68,step
895,69,89,slide_step
895,90,126,step
896,0,33,bounce
896,34,104,step
896,105,126,slide_step
897,0,33,bounce
897,34,100,step
897,101,122,slide_step
898,0,33,bounce
898,34,68,step
898,69,89,slide_step
898,90,122,step
899,0,33,bounce
899,34,100,step
899,101,122,slide_step
900,0,33,bounce
900,34,70,step
900,71,92,slide_step
900,93,124,step
901,0,33,bounce
901,34,102,step
901,103,124,slide_step
902,0,30,hands_up
902,31,133,step
903,0,30,hands_up
903,31,133,step
904,0,30,hands_up
904,31,101,step
904,102,123,slide_step
905,0,30,hands_up
905,31,64,step
905,65,86,slide_step
905,87,123,step
906,0,30,hands_up
906,31,101,step
906,102,123,slide_step
907,0,30,hands_up
907,31,97,step
907,98,119,slide_step
908,0,30,hands_up
908,31,64,step
908,65,86,slide_step
908,87,119,step
909,0,30,hands_up
909,31,99,step
909,100,121,slide_step
910,0,30,hands_up
910,31,66,step
910,67,88,slide_step
910,89,121,step
911,0,30,hands_up
911,31,99,step
911,100,121,slide_step
912,0,69,step
912,70,91,slide_step
912,92,124,step
913,0,102,step
913,103,124,slide_step
914,0,33,bounce
914,34,65,hands_up
914,66,168,step
915,0,33,bounce
915,34,65,hands_up
915,66,168,step
916,0,33,bounce
916,34,65,hands_up
916,66,168,step
917,0,33,bounce
917,34,65,hands_up
917,66,135,step
917,136,157,slide_step
918,0,33,bounce
918,34,65,hands_up
918,66,131,step
918,132,153,slide_step
919,0,33,bounce
919,34,65,hands_up
919,66,131,step
919,132,153,slide_step
920,0,33,bounce
920,34,65,hands_up
920,66,101,step
920,102,123,slide_step
920,124,155,step
921,0,33,bounce
921,34,65,hands_up
921,66,133,step
921,134,155,slide_step
922,0,30,hands_up
922,31,133,step
922,134,155,slide_step
923,0,30,hands_up
923,31,101,step
923,102,123,slide_step
923,124,155,step
924,0,30,hands_up
924,31,133,step
924,134,155,slide_step
925,0,33,bounce
925,34,65,hands_up
925,66,168,step
925,169,190,slide_step
926,0,33,bounce
926,34,65,hands_up
926,66,135,step
926,136,157,slide_step
926,158,190,step
927,0,33,bounce
927,34,65,hands_up
927,66,168,step
927,169,190,slide_step
